総合危険度ランク,火災危険度ランク,建物倒壊危険度ランク,災害時活動困難度ランク,町丁目名
1,1,2,1,1
1,1,1,1,2
1,1,1,1,3
1,1,2,1,4
1,1,1,1,5
1,1,3,1,6
1,2,3,1,7
1,1,2,1,8
1,1,2,1,9
1,1,2,1,10
1,2,3,1,11
1,1,1,1,12
1,1,1,1,13
1,1,1,1,14
1,1,1,1,15
1,2,3,1,16
1,1,3,1,17
1,1,1,1,18
1,1,1,1,19
1,1,1,1,20
1,1,1,1,21
1,1,2,1,22
1,1,1,1,23
2,1,3,1,24
1,1,2,1,25
1,1,1,1,26
1,1,2,1,27
1,1,1,1,28
1,1,3,1,29
1,1,3,1,30
1,2,3,1,31
1,1,2,1,32
1,1,1,1,33
2,2,3,1,34
2,2,3,1,35
1,1,3,1,36
1,1,3,1,37
1,1,3,1,38
1,1,1,1,39
1,2,3,1,40
1,1,2,1,41
1,1,1,1,42
1,1,1,1,43
1,1,1,1,44
1,1,1,1,45
1,2,4,1,46
1,1,3,1,47
1,2,3,1,48
1,1,2,1,49
1,1,1,1,50
1,1,1,1,51
1,1,3,1,52
1,1,2,1,53
1,1,1,1,54
1,1,2,1,55
1,1,3,1,56
1,1,3,1,57
1,1,2,1,58
1,1,2,1,59
1,1,2,1,60
1,1,1,1,61
1,1,1,2,62
1,1,1,1,63
1,1,1,1,64
1,1,1,1,65
1,1,1,1,66
1,1,1,1,67
1,1,1,1,68
1,1,1,1,69
1,1,1,1,70
1,1,1,1,71
1,1,1,1,72
1,1,1,1,73
1,1,1,1,74
1,1,1,1,75
1,1,1,1,76
1,1,1,1,77
1,1,1,2,78
1,1,1,1,79
1,1,1,1,80
1,1,1,1,81
1,1,2,1,82
1,1,3,1,83
1,2,3,1,84
1,1,2,1,85
1,2,3,1,86
1,1,3,1,87
1,1,1,1,88
1,1,1,1,89
1,1,1,1,90
1,1,1,1,91
1,1,2,1,92
1,1,1,1,93
1,1,1,2,94
1,1,1,1,95
1,1,3,1,96
1,1,2,1,97
1,1,3,1,98
1,1,1,1,99
1,1,1,1,100
1,1,1,1,101
1,1,1,1,102
1,1,1,1,103
1,1,1,2,104
1,1,1,1,105
1,1,1,1,106
1,1,1,1,107
1,1,1,1,108
1,1,1,1,109
1,1,2,1,110
1,1,1,1,111
1,1,1,1,112
1,1,2,1,113
1,1,1,2,114
1,1,1,1,115
1,1,1,1,116
1,1,3,1,117
1,2,3,1,118
1,2,3,1,119
1,1,1,1,120
2,2,3,1,121
1,1,2,1,122
1,1,2,1,123
1,1,1,1,124
1,1,1,1,125
1,1,2,1,126
1,1,2,1,127
1,1,1,1,128
1,1,2,1,129
1,1,2,1,130
1,1,2,1,131
1,1,2,1,132
1,1,2,1,133
1,1,2,1,134
1,1,2,1,135
1,1,2,1,136
1,1,2,1,137
1,1,2,1,138
1,2,3,1,139
1,2,3,1,140
2,3,4,1,141
2,2,3,1,142
2,4,4,1,143
2,2,3,1,144
1,1,1,1,145
1,2,3,1,146
1,1,1,1,147
1,2,2,1,148
1,1,1,1,149
2,2,4,1,150
2,2,3,1,151
3,2,3,2,152
1,2,2,1,153
3,3,3,1,154
1,1,1,1,155
1,1,1,1,156
1,1,1,1,157
1,1,2,1,158
1,1,2,1,159
1,2,3,1,160
1,1,2,1,161
1,1,2,1,162
1,1,1,1,163
1,2,3,1,164
1,2,3,1,165
1,1,1,1,166
1,1,3,1,167
1,2,3,1,168
1,1,2,1,169
1,1,2,1,170
1,2,3,1,171
1,3,4,1,172
1,2,3,1,173
1,1,1,1,174
1,2,3,1,175
1,1,3,1,176
1,2,3,1,177
1,2,3,1,178
1,1,2,1,179
1,1,3,1,180
1,1,2,1,181
1,1,2,1,182
1,1,1,1,183
1,1,1,1,184
1,1,1,1,185
1,1,2,1,186
1,1,3,1,187
1,1,1,1,188
1,1,2,1,189
2,2,3,1,190
1,1,3,1,191
1,1,1,1,192
1,1,1,1,193
1,1,3,1,194
1,1,3,1,195
1,1,2,1,196
1,2,3,1,197
1,2,3,1,198
1,1,2,1,199
1,1,1,1,200
1,1,1,1,201
1,1,1,1,202
1,1,1,1,203
1,1,1,1,204
1,1,1,1,205
1,1,3,1,206
1,1,2,1,207
1,1,3,1,208
1,2,3,1,209
1,2,3,1,210
1,2,3,1,211
1,1,2,1,212
1,1,1,1,213
1,1,1,1,214
1,1,1,1,215
1,1,2,1,216
2,1,1,2,217
1,1,1,2,218
1,1,1,1,219
2,1,1,2,220
1,1,1,2,221
1,1,1,2,222
1,1,2,1,223
1,1,2,1,224
1,1,2,1,225
1,1,1,1,226
2,1,2,3,227
1,1,1,3,228
1,1,1,1,229
1,1,1,1,230
2,1,1,3,231
1,1,1,1,232
2,1,1,3,233
1,1,1,1,234
1,1,1,1,235
1,1,1,1,236
1,1,1,1,237
1,1,1,2,238
1,1,1,2,239
1,1,1,1,240
1,1,1,1,241
1,1,1,1,242
1,1,1,1,243
1,1,1,1,244
2,1,2,1,245
2,1,2,1,246
2,2,3,1,247
1,1,1,1,248
2,1,2,1,249
1,1,1,1,250
1,1,1,1,251
1,1,1,1,252
1,1,1,1,253
1,1,2,1,254
2,1,2,1,255
1,1,1,1,256
1,1,1,2,257
1,1,2,1,258
1,2,3,1,259
2,2,3,1,260
1,1,1,2,261
3,2,3,2,262
1,1,1,3,263
3,2,3,3,264
3,2,3,3,265
1,1,1,2,266
3,2,2,3,267
2,2,1,3,268
2,2,1,4,269
1,1,1,1,270
1,1,2,1,271
1,2,2,1,272
2,3,4,1,273
1,2,3,1,274
1,2,3,1,275
1,1,2,1,276
2,1,2,2,277
2,1,2,2,278
1,1,1,2,279
1,1,1,3,280
1,1,1,1,281
1,1,1,1,282
1,1,2,1,283
1,1,1,1,284
2,1,2,2,285
2,1,2,1,286
2,2,2,3,287
1,1,1,2,288
1,1,1,2,289
1,1,2,1,290
1,1,2,1,291
1,1,2,1,292
1,1,3,1,293
1,1,2,1,294
1,1,2,1,295
1,1,2,1,296
1,1,1,1,297
1,1,1,1,298
1,1,1,1,299
2,1,1,2,300
2,1,1,3,301
1,1,1,1,302
2,1,1,2,303
2,2,3,2,304
2,1,1,2,305
1,1,1,2,306
2,1,1,3,307
2,1,1,3,308
1,1,1,2,309
1,1,1,1,310
2,1,1,2,311
2,1,2,2,312
2,1,2,1,313
2,1,2,3,314
2,1,1,3,315
1,1,1,2,316
1,1,1,1,317
1,1,1,1,318
1,1,1,3,319
2,1,1,3,320
2,1,1,3,321
1,1,1,1,322
1,1,1,3,323
1,1,1,1,324
1,1,1,1,325
1,1,1,2,326
1,1,1,2,327
1,1,1,2,328
1,1,1,1,329
1,1,1,1,330
3,2,2,2,331
4,4,3,4,332
3,3,2,4,333
1,1,1,2,334
2,2,2,2,335
1,1,1,1,336
1,1,2,1,337
2,1,2,2,338
2,1,1,2,339
1,1,1,1,340
2,1,1,4,341
1,1,1,1,342
2,1,1,4,343
1,1,1,1,344
1,1,1,1,345
2,1,1,2,346
2,2,2,1,347
1,1,2,1,348
1,1,1,3,349
1,1,1,2,350
1,1,1,3,351
1,1,1,1,352
2,2,2,2,353
3,2,3,2,354
2,2,2,2,355
2,2,2,1,356
2,2,2,1,357
3,2,2,3,358
3,3,2,3,359
1,1,1,2,360
3,2,3,2,361
1,1,1,1,362
1,1,2,1,363
3,2,2,3,364
4,3,3,3,365
3,3,3,2,366
3,3,3,3,367
4,3,3,3,368
1,2,2,1,369
1,1,2,1,370
1,1,1,1,371
2,2,2,2,372
3,3,2,3,373
4,4,3,4,374
3,3,2,2,375
2,2,2,3,376
3,2,2,3,377
3,3,2,4,378
1,1,2,1,379
2,1,1,3,380
2,1,1,2,381
2,2,3,1,382
3,3,3,3,383
2,1,2,3,384
3,1,2,3,385
1,1,1,2,386
2,1,1,2,387
2,1,1,3,388
2,2,2,3,389
3,2,2,3,390
1,1,1,1,391
2,2,2,2,392
1,1,2,1,393
1,1,1,1,394
1,1,2,1,395
1,1,1,1,396
2,1,1,2,397
1,1,1,1,398
2,2,2,3,399
3,2,2,3,400
2,2,2,1,401
3,3,3,4,402
2,2,2,1,403
2,2,2,2,404
3,2,3,2,405
3,2,2,3,406
2,2,2,2,407
1,1,2,1,408
2,2,2,3,409
2,1,2,1,410
2,1,2,2,411
1,1,1,1,412
2,3,3,1,413
1,1,1,1,414
1,1,1,2,415
3,3,3,3,416
3,2,2,3,417
2,2,2,2,418
2,2,2,3,419
2,3,2,2,420
3,2,2,3,421
3,3,2,3,422
2,1,2,3,423
2,1,2,1,424
1,2,2,1,425
2,2,2,1,426
1,2,2,1,427
1,2,2,1,428
2,1,2,1,429
1,1,1,1,430
1,1,1,1,431
1,1,1,1,432
2,2,2,3,433
3,3,2,2,434
1,1,1,1,435
1,1,1,1,436
2,2,2,3,437
2,1,2,2,438
2,2,2,2,439
2,2,2,2,440
3,2,2,3,441
2,1,1,3,442
3,3,3,2,443
3,3,3,2,444
3,3,2,3,445
2,2,3,1,446
1,1,3,1,447
1,1,1,1,448
2,2,2,3,449
2,1,2,2,450
1,1,2,1,451
1,1,1,1,452
3,2,2,3,453
3,2,3,2,454
3,3,2,2,455
1,2,2,1,456
4,3,3,4,457
2,2,1,3,458
2,2,2,2,459
2,1,2,2,460
2,2,2,1,461
3,2,2,3,462
4,3,3,4,463
3,3,2,2,464
1,1,1,1,465
1,1,1,1,466
1,1,1,1,467
2,2,2,2,468
3,2,2,3,469
4,3,3,3,470
5,4,5,3,471
2,2,2,2,472
3,1,2,4,473
1,1,2,1,474
4,3,3,3,475
1,1,2,1,476
2,2,2,2,477
1,1,1,1,478
2,1,1,3,479
3,3,2,3,480
2,1,1,3,481
1,1,1,1,482
1,1,1,3,483
2,1,1,3,484
1,1,1,1,485
3,3,3,2,486
3,2,2,3,487
4,4,3,4,488
2,1,2,2,489
2,1,2,2,490
1,1,1,1,491
2,1,1,2,492
2,1,2,1,493
2,2,2,2,494
3,2,2,3,495
2,1,1,2,496
1,1,2,1,497
1,1,1,1,498
2,2,2,1,499
2,1,2,4,500
3,2,2,4,501
4,2,3,5,502
2,1,2,2,503
2,1,2,2,504
2,2,3,1,505
1,1,2,1,506
1,1,1,3,507
2,1,1,2,508
3,3,3,3,509
3,2,2,3,510
2,2,2,2,511
2,3,3,1,512
3,3,2,3,513
4,3,3,3,514
3,3,3,2,515
2,3,3,1,516
4,4,3,3,517
2,1,2,2,518
3,2,2,3,519
2,2,2,2,520
4,4,4,2,521
3,2,3,2,522
3,2,2,2,523
3,2,3,3,524
3,3,2,4,525
2,1,2,2,526
3,2,2,2,527
3,2,2,3,528
3,2,2,2,529
1,2,2,1,530
1,2,2,1,531
1,1,1,1,532
1,1,1,1,533
1,1,2,1,534
1,1,1,1,535
2,2,2,1,536
3,2,2,2,537
3,2,2,2,538
1,1,1,2,539
3,2,2,2,540
2,2,2,2,541
2,2,1,3,542
2,3,2,2,543
3,2,2,3,544
1,2,1,1,545
2,1,1,2,546
1,1,1,1,547
1,1,2,1,548
1,1,2,1,549
2,1,1,2,550
1,2,2,1,551
1,3,4,1,552
3,2,4,1,553
1,3,5,1,554
1,3,5,1,555
1,4,5,1,556
1,3,4,1,557
1,1,3,1,558
1,2,3,1,559
1,3,5,1,560
1,3,4,1,561
1,3,4,1,562
1,2,3,1,563
1,1,1,2,564
2,1,2,1,565
3,3,3,2,566
2,3,3,1,567
2,2,4,1,568
2,3,5,1,569
1,3,4,1,570
1,3,4,1,571
1,2,3,1,572
1,2,2,1,573
1,2,3,1,574
1,2,3,1,575
1,2,3,1,576
1,2,4,1,577
1,1,2,1,578
1,1,1,1,579
1,1,1,2,580
2,2,2,1,581
1,3,3,1,582
1,2,3,1,583
1,1,3,1,584
1,2,3,1,585
1,3,5,1,586
1,4,4,1,587
1,1,1,1,588
1,1,2,1,589
1,2,3,1,590
1,2,3,1,591
1,4,5,1,592
1,3,4,1,593
1,2,3,1,594
1,2,3,1,595
1,2,3,1,596
1,3,4,1,597
1,1,3,1,598
1,1,3,1,599
2,2,3,1,600
2,4,5,1,601
1,2,4,1,602
1,3,3,1,603
1,3,5,1,604
2,4,5,1,605
3,4,5,1,606
1,2,3,1,607
1,2,3,1,608
2,4,5,1,609
1,2,3,1,610
2,4,5,1,611
1,2,4,1,612
1,1,3,1,613
1,3,4,1,614
1,3,3,1,615
1,5,5,1,616
1,5,5,1,617
3,2,3,2,618
2,2,3,2,619
3,3,3,2,620
5,5,4,2,621
3,3,4,1,622
3,4,5,1,623
3,4,5,1,624
1,2,3,1,625
2,2,4,1,626
1,4,4,1,627
1,5,5,1,628
1,2,3,1,629
1,2,3,1,630
1,3,5,1,631
1,1,3,1,632
1,2,4,1,633
1,2,3,1,634
1,2,3,1,635
1,3,4,1,636
1,3,4,1,637
1,3,4,1,638
1,2,4,1,639
1,2,4,1,640
1,3,4,1,641
1,3,4,1,642
1,2,3,1,643
1,2,4,1,644
1,2,3,1,645
2,3,4,1,646
3,3,3,2,647
3,4,3,1,648
5,5,4,3,649
3,2,2,3,650
3,3,2,3,651
3,2,3,2,652
3,2,2,3,653
1,2,3,1,654
1,2,3,1,655
1,2,4,1,656
1,3,3,1,657
1,4,5,1,658
1,2,3,1,659
1,2,3,1,660
1,1,3,1,661
1,2,4,1,662
1,2,4,1,663
1,2,4,1,664
1,2,3,1,665
1,3,3,1,666
4,4,4,2,667
5,5,5,2,668
1,2,3,1,669
1,2,3,1,670
1,2,3,1,671
1,2,3,1,672
1,3,4,1,673
2,3,4,1,674
1,2,3,1,675
4,4,4,2,676
5,5,5,2,677
5,5,5,1,678
1,1,2,1,679
2,2,3,1,680
1,1,3,1,681
1,1,2,1,682
1,1,3,1,683
1,1,3,1,684
1,1,2,1,685
1,1,2,1,686
1,1,3,1,687
3,3,3,2,688
5,4,5,3,689
5,5,5,3,690
5,5,5,2,691
5,5,4,3,692
1,2,3,1,693
1,3,4,1,694
1,2,3,1,695
1,2,3,1,696
3,3,3,2,697
5,5,5,3,698
3,3,4,1,699
3,3,4,1,700
2,2,3,1,701
3,3,3,2,702
1,2,4,1,703
1,2,4,1,704
1,2,3,1,705
1,2,4,1,706
1,1,3,1,707
1,2,3,1,708
1,2,4,1,709
2,2,3,2,710
1,1,1,2,711
2,2,3,1,712
1,2,4,1,713
1,2,3,1,714
1,3,4,1,715
1,2,3,1,716
2,2,4,1,717
1,3,5,1,718
1,3,5,1,719
1,2,3,1,720
1,1,2,1,721
2,2,3,1,722
2,2,3,1,723
5,5,5,2,724
4,4,5,2,725
4,3,4,2,726
4,4,4,2,727
4,5,5,1,728
5,5,5,2,729
3,3,3,2,730
3,2,3,1,731
3,3,4,1,732
1,2,4,1,733
1,3,4,1,734
1,2,4,1,735
1,2,4,1,736
1,2,4,1,737
1,2,3,1,738
1,2,3,1,739
1,2,3,1,740
1,2,4,1,741
1,2,4,1,742
1,2,4,1,743
4,5,5,2,744
3,4,5,1,745
4,4,5,2,746
4,5,4,2,747
5,5,5,3,748
5,5,5,2,749
4,4,4,2,750
4,3,4,2,751
1,1,1,1,752
2,1,2,1,753
2,2,2,1,754
2,3,5,1,755
1,2,4,1,756
2,2,4,1,757
2,1,2,2,758
1,2,3,1,759
1,2,3,1,760
1,2,3,1,761
1,2,3,1,762
1,1,1,1,763
1,1,1,1,764
1,1,1,1,765
1,1,1,1,766
1,3,4,1,767
2,3,4,1,768
2,2,3,1,769
1,3,4,1,770
2,1,2,1,771
1,1,1,1,772
1,1,1,1,773
1,1,1,1,774
2,2,2,1,775
1,1,1,1,776
2,2,3,1,777
1,2,4,1,778
1,2,3,1,779
3,3,3,2,780
4,4,4,3,781
4,3,4,3,782
3,3,3,2,783
3,3,4,1,784
3,3,3,1,785
5,5,4,3,786
3,3,4,2,787
1,1,1,1,788
1,1,2,1,789
1,1,2,1,790
3,4,4,1,791
2,3,4,1,792
5,5,4,2,793
1,2,3,1,794
3,3,3,1,795
3,4,4,2,796
3,2,3,4,797
2,2,3,1,798
3,2,2,2,799
5,5,5,3,800
5,5,5,4,801
4,4,3,2,802
5,5,5,2,803
3,4,3,2,804
1,1,1,1,805
1,1,2,1,806
1,1,2,1,807
1,1,1,1,808
1,2,2,1,809
1,2,3,1,810
1,1,2,1,811
2,2,3,1,812
1,2,4,1,813
1,1,3,1,814
1,1,2,1,815
1,2,3,1,816
1,2,3,1,817
1,1,1,1,818
1,1,1,1,819
1,1,1,1,820
1,1,1,1,821
1,1,1,1,822
1,1,1,1,823
2,2,3,1,824
1,4,4,1,825
2,3,4,1,826
1,1,2,1,827
1,1,3,1,828
1,3,4,1,829
1,2,4,1,830
1,1,1,1,831
1,1,1,1,832
1,1,1,1,833
1,1,1,1,834
1,1,1,1,835
1,1,1,1,836
1,1,1,2,837
1,2,3,1,838
2,3,4,1,839
1,1,2,1,840
2,2,3,1,841
2,2,2,2,842
1,2,4,1,843
2,3,4,1,844
1,1,1,2,845
1,1,1,1,846
1,1,1,1,847
3,3,4,1,848
1,1,1,1,849
1,2,3,1,850
1,1,1,1,851
2,2,3,1,852
1,1,1,1,853
1,1,1,1,854
1,2,4,1,855
1,2,5,1,856
2,2,3,1,857
1,1,2,1,858
1,1,1,1,859
1,1,1,1,860
1,1,1,1,861
1,1,1,1,862
1,1,1,1,863
1,1,1,1,864
3,2,2,3,865
2,2,2,1,866
4,3,3,2,867
4,5,4,2,868
4,4,5,2,869
2,2,3,1,870
2,3,3,1,871
1,2,3,1,872
1,3,4,1,873
2,2,3,1,874
1,1,2,1,875
1,1,2,1,876
2,2,2,1,877
2,2,3,1,878
1,3,5,1,879
1,1,2,1,880
1,1,2,1,881
1,3,4,1,882
1,2,3,1,883
2,2,3,1,884
2,2,4,1,885
1,2,3,1,886
1,3,4,1,887
1,1,2,1,888
2,1,2,1,889
2,1,2,2,890
3,4,4,1,891
3,2,3,2,892
2,2,3,1,893
2,2,2,1,894
1,4,4,1,895
1,4,5,1,896
1,2,4,1,897
1,2,3,1,898
2,2,3,1,899
1,1,2,1,900
1,2,4,1,901
1,3,4,1,902
2,2,3,1,903
2,3,4,1,904
2,3,4,1,905
1,2,3,1,906
1,2,3,1,907
1,1,1,1,908
1,1,1,1,909
1,1,1,2,910
1,1,1,1,911
1,1,1,1,912
1,1,1,1,913
1,1,1,1,914
1,1,1,1,915
1,1,1,1,916
1,1,1,1,917
2,2,2,1,918
3,3,2,2,919
2,3,3,1,920
2,3,3,1,921
2,3,3,1,922
3,3,3,2,923
3,3,2,2,924
1,1,2,1,925
4,4,3,3,926
3,3,2,2,927
3,3,2,3,928
3,4,2,2,929
2,2,2,2,930
5,5,2,4,931
1,1,1,1,932
2,2,1,2,933
4,4,2,3,934
3,3,2,3,935
1,1,1,1,936
1,1,1,2,937
1,1,1,1,938
1,1,1,2,939
3,2,2,3,940
1,1,1,1,941
2,1,1,2,942
2,1,1,3,943
1,2,2,1,944
4,4,4,2,945
2,1,2,3,946
1,1,1,3,947
2,1,1,3,948
2,1,1,3,949
3,3,2,4,950
4,4,3,3,951
2,2,3,2,952
2,2,3,1,953
2,3,2,2,954
3,4,3,2,955
2,2,2,2,956
3,3,3,2,957
2,2,2,2,958
4,4,3,3,959
4,4,3,3,960
3,3,3,2,961
4,4,3,3,962
2,3,2,1,963
3,4,3,1,964
3,3,2,2,965
4,4,3,2,966
3,4,3,2,967
3,4,3,2,968
4,4,3,2,969
3,3,3,2,970
2,3,2,2,971
4,5,3,2,972
5,5,2,4,973
4,4,2,3,974
3,3,2,2,975
3,3,3,1,976
1,1,2,1,977
1,1,1,1,978
1,1,1,2,979
2,3,2,2,980
2,1,2,3,981
2,2,2,1,982
1,1,1,1,983
2,2,2,2,984
3,3,3,3,985
4,4,3,3,986
4,4,3,4,987
2,4,2,1,988
4,4,3,2,989
4,5,3,2,990
2,2,2,2,991
2,3,2,1,992
3,4,2,3,993
4,5,3,2,994
3,3,3,2,995
2,2,2,2,996
2,1,2,1,997
3,3,3,2,998
4,3,2,4,999
1,1,1,2,1000
2,2,2,1,1001
4,3,3,4,1002
1,1,2,1,1003
1,1,1,2,1004
2,1,1,2,1005
2,2,2,2,1006
1,1,1,1,1007
3,2,3,2,1008
1,1,1,1,1009
1,1,1,2,1010
1,1,1,1,1011
1,1,1,1,1012
3,4,3,1,1013
4,4,3,2,1014
3,3,3,2,1015
2,2,2,2,1016
3,3,2,2,1017
1,2,1,2,1018
1,1,1,2,1019
3,3,3,2,1020
2,2,3,1,1021
4,5,3,2,1022
3,4,3,1,1023
2,2,3,1,1024
1,1,1,1,1025
1,1,2,1,1026
2,3,3,1,1027
3,3,3,2,1028
1,1,1,1,1029
3,3,4,2,1030
3,2,3,1,1031
2,2,3,1,1032
3,3,3,3,1033
3,3,3,2,1034
1,3,2,1,1035
1,1,1,1,1036
1,1,1,1,1037
1,1,1,1,1038
1,1,1,1,1039
1,1,1,2,1040
4,4,3,3,1041
4,4,3,4,1042
3,3,2,3,1043
4,5,3,3,1044
5,5,3,2,1045
4,5,3,2,1046
1,1,1,1,1047
1,1,1,1,1048
1,1,1,1,1049
1,1,1,1,1050
1,1,1,1,1051
4,3,2,4,1052
2,2,1,4,1053
1,1,1,1,1054
1,1,1,1,1055
2,1,1,2,1056
1,1,1,2,1057
1,1,1,1,1058
1,1,1,1,1059
3,3,3,2,1060
3,2,2,3,1061
3,4,2,2,1062
2,2,2,2,1063
2,2,2,1,1064
2,1,1,3,1065
2,1,1,5,1066
2,1,1,5,1067
2,2,2,2,1068
2,3,2,1,1069
2,2,2,2,1070
1,1,1,1,1071
2,2,2,2,1072
2,2,2,2,1073
3,2,2,3,1074
2,2,2,1,1075
1,1,1,1,1076
2,2,2,1,1077
2,1,2,1,1078
2,2,2,2,1079
4,4,3,3,1080
2,2,2,2,1081
1,1,1,1,1082
2,2,2,1,1083
1,1,1,1,1084
2,2,2,2,1085
2,2,2,1,1086
2,1,2,2,1087
2,2,2,2,1088
3,3,2,3,1089
2,2,2,2,1090
2,1,2,2,1091
2,1,2,1,1092
2,1,2,2,1093
1,1,1,2,1094
2,2,2,3,1095
2,2,2,2,1096
3,2,2,3,1097
3,3,3,2,1098
3,3,3,2,1099
2,2,1,2,1100
1,2,1,1,1101
2,2,2,2,1102
1,1,1,2,1103
1,2,1,1,1104
2,2,2,2,1105
1,1,1,1,1106
1,1,1,1,1107
1,1,1,2,1108
1,1,1,1,1109
2,1,1,2,1110
1,1,1,2,1111
2,2,2,2,1112
1,2,2,1,1113
2,2,2,1,1114
2,2,2,1,1115
2,2,2,2,1116
3,2,2,3,1117
3,3,2,2,1118
2,2,2,2,1119
1,1,1,1,1120
2,2,2,3,1121
2,2,2,2,1122
3,2,2,2,1123
1,1,1,1,1124
2,2,3,1,1125
3,3,3,2,1126
3,4,3,2,1127
3,3,3,2,1128
1,1,1,2,1129
1,1,2,1,1130
1,2,1,1,1131
2,1,1,2,1132
1,1,1,2,1133
4,4,3,4,1134
2,2,2,2,1135
2,2,1,2,1136
2,2,2,1,1137
2,2,3,1,1138
3,3,3,1,1139
4,3,4,2,1140
2,2,3,1,1141
1,2,3,1,1142
1,2,3,1,1143
3,2,1,4,1144
2,2,1,3,1145
3,2,3,2,1146
2,3,4,1,1147
2,2,3,1,1148
1,1,2,1,1149
1,1,2,1,1150
4,4,3,2,1151
3,3,3,2,1152
3,2,3,2,1153
4,4,3,2,1154
2,1,3,1,1155
3,3,3,1,1156
3,3,3,2,1157
3,3,3,2,1158
3,3,3,3,1159
3,2,3,2,1160
3,2,3,2,1161
3,4,3,2,1162
3,3,3,2,1163
2,2,3,1,1164
2,2,2,2,1165
4,4,4,2,1166
3,3,3,2,1167
3,4,3,2,1168
2,3,3,1,1169
1,1,1,1,1170
2,3,3,1,1171
2,3,3,1,1172
2,2,3,1,1173
2,2,3,1,1174
1,1,2,1,1175
3,1,2,4,1176
4,3,3,3,1177
3,2,3,2,1178
3,2,3,2,1179
1,2,3,1,1180
1,1,2,1,1181
2,2,2,2,1182
3,3,4,2,1183
1,2,2,1,1184
1,2,2,1,1185
2,3,3,1,1186
1,3,2,1,1187
1,2,2,1,1188
2,2,3,1,1189
2,2,3,1,1190
3,3,2,3,1191
2,3,2,1,1192
2,3,2,2,1193
2,3,2,2,1194
3,4,3,1,1195
2,2,2,1,1196
1,2,2,1,1197
1,2,2,1,1198
1,2,2,1,1199
2,3,2,1,1200
1,2,1,1,1201
1,2,2,1,1202
1,1,1,1,1203
1,1,1,1,1204
1,1,1,1,1205
3,3,2,4,1206
3,2,2,3,1207
4,3,3,3,1208
3,2,2,4,1209
2,3,3,1,1210
2,2,2,1,1211
3,3,3,1,1212
2,2,2,1,1213
1,1,1,1,1214
1,1,1,1,1215
2,2,3,1,1216
2,3,3,1,1217
2,3,4,1,1218
1,1,1,1,1219
1,1,1,1,1220
1,1,1,1,1221
1,1,1,1,1222
1,1,1,1,1223
1,1,1,1,1224
1,1,1,1,1225
1,2,3,1,1226
2,2,3,1,1227
1,2,3,1,1228
2,3,3,1,1229
2,2,3,1,1230
3,3,3,2,1231
3,3,3,1,1232
4,5,4,1,1233
4,4,3,2,1234
3,3,2,3,1235
3,4,3,2,1236
3,4,4,1,1237
2,4,4,1,1238
2,2,2,3,1239
2,2,1,2,1240
1,1,1,1,1241
1,1,1,2,1242
2,1,1,2,1243
2,2,2,2,1244
3,2,3,2,1245
1,1,1,1,1246
1,1,1,2,1247
1,1,1,1,1248
1,1,1,1,1249
1,1,1,1,1250
1,1,1,1,1251
1,1,1,1,1252
1,2,2,1,1253
2,2,2,1,1254
1,2,2,1,1255
2,1,1,2,1256
4,4,3,2,1257
5,5,4,3,1258
4,4,3,3,1259
3,3,3,3,1260
4,4,4,3,1261
4,3,3,4,1262
5,4,4,4,1263
5,4,4,4,1264
5,4,3,4,1265
3,3,3,2,1266
1,1,3,1,1267
1,1,2,1,1268
2,3,3,1,1269
1,2,3,1,1270
2,2,3,1,1271
2,3,3,1,1272
1,1,2,1,1273
1,1,2,1,1274
2,2,2,1,1275
4,5,4,2,1276
5,5,4,3,1277
4,3,3,2,1278
3,2,3,2,1279
3,3,3,2,1280
3,3,3,2,1281
2,1,2,2,1282
2,2,3,1,1283
4,4,4,2,1284
5,5,5,3,1285
3,3,3,1,1286
3,4,3,1,1287
5,5,5,3,1288
1,1,1,2,1289
1,1,1,1,1290
1,1,1,1,1291
1,1,1,1,1292
4,4,3,2,1293
4,4,4,3,1294
2,2,3,1,1295
1,1,2,1,1296
2,2,3,1,1297
1,1,2,1,1298
1,1,2,1,1299
1,1,1,2,1300
2,3,3,1,1301
4,3,3,3,1302
1,2,2,1,1303
3,3,3,1,1304
2,3,3,1,1305
3,3,4,1,1306
2,3,2,1,1307
2,2,2,1,1308
2,2,2,1,1309
1,2,2,1,1310
2,2,2,1,1311
4,4,4,2,1312
3,4,3,2,1313
3,3,3,2,1314
1,1,1,1,1315
1,1,1,1,1316
1,1,1,1,1317
1,1,1,1,1318
1,1,1,1,1319
1,1,1,1,1320
1,1,1,1,1321
3,3,3,1,1322
2,2,3,1,1323
2,1,2,2,1324
3,2,3,2,1325
3,4,3,2,1326
5,5,5,2,1327
1,2,2,1,1328
2,3,2,1,1329
2,2,2,2,1330
2,2,1,2,1331
3,3,2,2,1332
2,3,2,1,1333
2,3,2,2,1334
3,3,3,2,1335
3,3,2,2,1336
1,2,2,1,1337
2,2,2,2,1338
1,1,2,1,1339
1,2,2,1,1340
1,2,2,1,1341
1,2,2,1,1342
2,2,2,1,1343
3,3,3,1,1344
3,3,3,1,1345
1,1,2,1,1346
2,2,3,1,1347
2,2,3,1,1348
2,3,3,1,1349
2,2,2,1,1350
2,2,2,1,1351
2,2,2,1,1352
1,1,1,1,1353
3,3,2,4,1354
3,3,2,3,1355
1,1,1,1,1356
2,2,2,1,1357
2,2,2,1,1358
2,2,1,2,1359
2,2,1,4,1360
2,1,1,5,1361
2,1,1,4,1362
2,3,2,1,1363
3,3,2,3,1364
4,3,2,4,1365
1,1,1,1,1366
1,1,1,2,1367
1,1,1,1,1368
1,1,1,2,1369
1,1,1,3,1370
1,1,1,2,1371
4,4,2,3,1372
3,3,2,2,1373
1,1,1,1,1374
1,1,1,2,1375
1,1,1,1,1376
2,3,2,2,1377
2,3,2,2,1378
2,3,2,2,1379
3,3,2,2,1380
1,2,2,1,1381
1,2,2,1,1382
2,2,2,1,1383
1,2,2,1,1384
1,1,1,1,1385
1,1,1,1,1386
1,2,2,1,1387
1,1,1,1,1388
1,1,1,2,1389
2,2,2,1,1390
2,2,2,1,1391
2,1,1,4,1392
2,1,1,3,1393
1,1,1,1,1394
1,1,1,2,1395
4,4,3,3,1396
2,2,2,2,1397
3,3,2,3,1398
2,2,2,1,1399
2,2,2,1,1400
2,2,1,3,1401
1,1,1,1,1402
3,3,2,4,1403
3,2,2,3,1404
2,2,1,3,1405
1,2,2,1,1406
2,2,2,3,1407
4,4,3,4,1408
1,1,1,2,1409
3,2,2,3,1410
2,2,2,3,1411
3,2,1,3,1412
1,1,2,1,1413
1,1,1,1,1414
1,1,1,1,1415
1,1,2,1,1416
1,1,1,2,1417
1,1,1,1,1418
1,1,1,1,1419
1,1,1,1,1420
1,1,1,1,1421
1,1,1,1,1422
2,2,2,3,1423
1,1,1,1,1424
1,2,1,1,1425
3,2,2,3,1426
2,2,1,4,1427
2,2,1,3,1428
2,2,2,3,1429
2,1,1,4,1430
2,2,1,3,1431
4,3,2,5,1432
3,2,2,2,1433
3,3,3,3,1434
4,4,2,4,1435
4,4,3,4,1436
1,1,1,2,1437
1,2,1,2,1438
2,2,1,3,1439
2,2,1,4,1440
2,1,1,3,1441
2,2,1,3,1442
2,2,1,4,1443
2,1,1,2,1444
2,2,1,2,1445
2,1,1,2,1446
1,1,1,1,1447
2,2,2,2,1448
1,2,1,1,1449
2,2,1,3,1450
2,2,1,1,1451
2,1,1,4,1452
2,2,1,2,1453
1,1,1,1,1454
3,3,2,4,1455
2,2,2,3,1456
2,2,1,2,1457
2,2,1,2,1458
1,1,1,2,1459
2,2,2,2,1460
4,4,2,4,1461
3,3,2,3,1462
2,2,2,2,1463
2,3,1,2,1464
2,1,1,3,1465
2,3,2,1,1466
2,2,2,2,1467
3,3,2,2,1468
1,2,2,1,1469
1,1,1,1,1470
3,3,2,4,1471
2,2,2,2,1472
3,3,2,3,1473
3,3,2,4,1474
1,2,1,1,1475
2,2,1,3,1476
2,3,2,3,1477
2,3,1,2,1478
2,2,1,2,1479
1,2,1,1,1480
2,2,2,2,1481
1,1,1,1,1482
2,2,1,3,1483
3,3,2,4,1484
2,2,1,4,1485
2,2,1,5,1486
2,2,1,4,1487
2,2,2,1,1488
2,2,2,2,1489
2,3,2,1,1490
1,2,1,1,1491
2,3,2,1,1492
1,2,1,1,1493
1,2,2,1,1494
1,2,1,1,1495
2,2,2,2,1496
2,2,2,2,1497
1,1,1,1,1498
1,1,1,2,1499
1,1,1,1,1500
1,1,1,2,1501
2,2,1,3,1502
1,2,1,1,1503
1,1,1,1,1504
2,1,1,2,1505
1,1,1,1,1506
2,1,1,3,1507
1,1,1,1,1508
1,1,1,1,1509
1,1,1,1,1510
1,1,1,1,1511
2,1,1,2,1512
2,2,2,2,1513
2,2,2,1,1514
2,2,2,1,1515
2,2,2,2,1516
3,3,2,4,1517
2,2,1,4,1518
2,2,1,4,1519
3,2,2,5,1520
3,3,2,4,1521
3,3,1,4,1522
1,1,1,2,1523
3,3,2,3,1524
4,3,2,4,1525
3,3,2,3,1526
4,4,3,3,1527
1,1,1,2,1528
1,1,1,1,1529
1,1,1,1,1530
1,1,1,1,1531
1,1,1,1,1532
1,1,1,1,1533
1,1,1,2,1534
1,1,1,1,1535
1,1,1,3,1536
1,1,1,1,1537
3,3,2,3,1538
3,3,2,4,1539
2,2,1,2,1540
1,2,2,1,1541
3,3,2,2,1542
2,3,2,1,1543
3,3,2,3,1544
2,3,2,2,1545
2,2,1,3,1546
3,2,2,3,1547
3,3,2,3,1548
2,2,1,2,1549
3,3,2,3,1550
1,1,1,1,1551
1,1,1,1,1552
1,2,1,1,1553
2,1,1,3,1554
1,2,1,1,1555
2,2,2,2,1556
1,2,1,1,1557
1,1,1,1,1558
1,1,1,2,1559
1,1,1,1,1560
1,2,2,1,1561
1,1,1,1,1562
1,2,2,1,1563
1,2,2,1,1564
1,2,2,1,1565
1,1,1,1,1566
1,2,1,1,1567
1,1,1,1,1568
1,1,1,1,1569
1,2,1,1,1570
1,2,1,1,1571
1,2,2,1,1572
1,1,1,1,1573
1,1,1,2,1574
1,1,1,1,1575
4,4,2,4,1576
3,3,2,2,1577
1,1,1,1,1578
3,3,2,2,1579
2,2,2,2,1580
2,1,1,3,1581
2,3,2,3,1582
3,3,2,3,1583
4,4,2,5,1584
3,3,2,2,1585
2,3,2,2,1586
1,1,2,1,1587
1,1,1,1,1588
2,2,2,1,1589
1,1,1,1,1590
1,2,1,1,1591
1,1,1,1,1592
1,2,1,1,1593
1,2,1,2,1594
4,4,2,3,1595
2,2,1,3,1596
2,3,1,2,1597
2,3,1,2,1598
2,2,1,2,1599
1,1,1,1,1600
1,1,1,1,1601
4,4,2,4,1602
3,3,2,5,1603
4,3,2,5,1604
4,4,2,3,1605
3,3,2,4,1606
2,2,2,2,1607
3,3,2,3,1608
3,3,2,2,1609
2,2,1,4,1610
2,1,1,3,1611
2,1,2,2,1612
2,2,2,2,1613
2,2,2,2,1614
1,1,1,2,1615
2,3,2,2,1616
3,3,2,4,1617
3,3,2,2,1618
1,1,1,1,1619
1,1,1,1,1620
1,1,2,1,1621
1,1,1,1,1622
3,3,2,3,1623
3,4,2,2,1624
3,3,2,3,1625
3,2,2,4,1626
3,3,2,3,1627
2,2,2,2,1628
2,2,2,2,1629
2,2,2,2,1630
1,1,1,1,1631
1,1,1,1,1632
1,1,1,2,1633
3,2,2,2,1634
3,2,2,2,1635
1,1,1,2,1636
1,1,1,1,1637
1,1,1,1,1638
1,1,2,1,1639
1,1,2,1,1640
1,1,1,1,1641
1,1,1,1,1642
1,1,1,1,1643
1,1,1,1,1644
3,3,2,3,1645
2,2,2,2,1646
3,3,3,2,1647
1,1,1,1,1648
1,1,1,1,1649
1,1,1,1,1650
1,1,1,1,1651
1,1,1,1,1652
1,1,1,1,1653
1,1,1,1,1654
2,1,1,2,1655
1,1,1,2,1656
2,1,2,2,1657
2,2,2,3,1658
2,1,2,3,1659
2,1,1,3,1660
1,1,1,2,1661
1,1,1,1,1662
1,1,1,1,1663
1,1,1,1,1664
1,1,1,1,1665
1,1,1,1,1666
1,1,1,1,1667
1,1,1,2,1668
1,1,1,3,1669
2,1,2,2,1670
2,1,2,1,1671
2,2,2,1,1672
1,1,1,1,1673
1,1,2,1,1674
1,1,1,1,1675
2,2,2,3,1676
2,2,2,3,1677
2,2,2,2,1678
2,2,2,2,1679
2,2,2,2,1680
4,3,3,3,1681
1,1,1,1,1682
2,2,2,2,1683
2,2,2,2,1684
2,1,1,2,1685
2,2,2,2,1686
2,2,2,1,1687
1,1,1,2,1688
1,1,1,2,1689
2,2,2,2,1690
2,1,2,2,1691
1,1,1,2,1692
3,1,2,2,1693
2,2,2,2,1694
4,3,3,3,1695
3,3,2,2,1696
4,4,3,3,1697
4,4,3,4,1698
4,3,3,4,1699
2,1,2,2,1700
2,1,2,2,1701
2,1,2,2,1702
2,1,1,2,1703
2,1,1,3,1704
2,2,2,3,1705
2,1,2,3,1706
1,1,1,1,1707
3,3,3,2,1708
2,2,2,1,1709
3,3,2,3,1710
1,1,2,1,1711
1,3,2,1,1712
1,2,2,1,1713
2,2,2,1,1714
1,1,1,1,1715
1,2,2,1,1716
1,2,1,1,1717
1,2,2,1,1718
2,2,2,1,1719
2,2,1,3,1720
2,2,1,3,1721
2,2,1,2,1722
2,2,2,2,1723
3,3,2,3,1724
4,4,2,3,1725
4,4,3,3,1726
3,4,2,2,1727
2,3,2,2,1728
2,2,2,2,1729
3,4,2,3,1730
1,2,2,1,1731
3,3,2,2,1732
3,3,2,4,1733
3,3,2,3,1734
3,3,2,3,1735
2,2,1,3,1736
2,2,2,3,1737
3,2,2,4,1738
2,2,2,2,1739
3,3,2,3,1740
3,3,2,3,1741
4,4,3,3,1742
3,3,2,3,1743
4,4,3,3,1744
2,1,1,3,1745
3,2,2,2,1746
1,1,1,3,1747
4,3,2,3,1748
3,3,2,3,1749
3,3,3,2,1750
3,3,2,2,1751
4,3,3,4,1752
4,4,2,3,1753
4,4,3,3,1754
5,5,3,4,1755
4,3,2,5,1756
3,3,2,3,1757
3,3,2,2,1758
3,3,2,2,1759
3,2,2,2,1760
3,3,2,3,1761
3,3,2,3,1762
3,3,2,3,1763
2,1,2,2,1764
3,3,2,3,1765
4,3,2,3,1766
3,2,2,3,1767
3,3,2,3,1768
3,3,2,2,1769
4,4,3,3,1770
2,3,2,2,1771
2,2,2,1,1772
1,2,2,1,1773
1,2,2,1,1774
3,3,2,3,1775
4,4,3,3,1776
3,3,2,3,1777
4,4,3,4,1778
3,3,2,3,1779
4,4,3,3,1780
5,5,2,3,1781
4,5,3,3,1782
5,4,3,5,1783
3,3,2,2,1784
2,3,2,1,1785
4,3,3,3,1786
2,2,2,2,1787
2,2,1,2,1788
2,2,1,2,1789
5,5,2,4,1790
4,4,2,5,1791
4,4,2,4,1792
4,3,3,3,1793
4,4,2,4,1794
4,4,2,4,1795
3,4,2,3,1796
3,4,2,2,1797
3,3,2,3,1798
4,4,2,4,1799
4,4,2,4,1800
4,3,2,4,1801
5,4,2,5,1802
4,4,2,4,1803
4,3,2,4,1804
1,2,2,1,1805
1,2,1,1,1806
1,1,1,1,1807
1,1,1,1,1808
1,2,1,1,1809
4,4,3,3,1810
3,3,2,3,1811
2,2,1,2,1812
4,3,2,4,1813
1,2,1,1,1814
1,1,1,2,1815
2,2,1,1,1816
2,2,2,2,1817
3,2,2,3,1818
4,4,2,2,1819
1,1,1,1,1820
2,2,2,3,1821
3,2,2,3,1822
2,3,2,2,1823
3,2,2,3,1824
2,1,1,3,1825
3,3,2,3,1826
2,2,2,2,1827
3,3,2,3,1828
1,2,2,1,1829
1,1,1,2,1830
1,1,1,1,1831
1,2,1,1,1832
1,1,1,1,1833
2,2,1,2,1834
1,1,2,1,1835
2,2,2,1,1836
2,2,2,1,1837
1,2,1,1,1838
2,2,2,3,1839
2,2,1,2,1840
1,2,1,2,1841
1,1,1,2,1842
2,2,1,5,1843
3,2,2,5,1844
3,3,2,5,1845
2,2,2,3,1846
4,3,2,4,1847
3,3,2,2,1848
5,5,3,4,1849
4,4,2,4,1850
3,3,2,3,1851
3,3,2,3,1852
4,4,2,4,1853
2,2,2,1,1854
4,3,2,4,1855
2,3,2,1,1856
1,2,1,1,1857
2,2,2,1,1858
3,3,2,3,1859
1,2,2,1,1860
1,2,2,1,1861
1,2,2,1,1862
1,2,1,1,1863
2,3,2,2,1864
3,2,2,3,1865
4,3,2,5,1866
4,3,2,5,1867
3,3,2,4,1868
3,4,2,2,1869
3,4,2,2,1870
4,4,2,3,1871
2,3,2,2,1872
3,3,2,2,1873
1,1,1,1,1874
1,1,2,1,1875
2,1,1,3,1876
2,1,1,3,1877
2,2,1,2,1878
3,2,1,5,1879
3,2,2,4,1880
2,2,1,2,1881
2,2,1,2,1882
3,2,2,3,1883
3,3,2,4,1884
2,2,2,2,1885
3,2,1,4,1886
5,4,3,4,1887
4,4,2,4,1888
4,4,2,4,1889
4,4,2,3,1890
4,4,2,4,1891
2,2,2,1,1892
2,3,2,2,1893
2,2,2,2,1894
3,4,2,2,1895
2,3,2,1,1896
3,4,2,2,1897
3,4,2,2,1898
2,3,2,1,1899
2,4,2,1,1900
3,3,2,5,1901
3,2,1,5,1902
2,2,1,2,1903
2,2,1,2,1904
5,4,3,4,1905
3,2,2,3,1906
2,2,1,4,1907
4,3,2,4,1908
4,3,2,5,1909
4,4,2,3,1910
3,4,2,2,1911
3,4,2,3,1912
3,2,1,5,1913
4,3,2,4,1914
4,4,2,3,1915
2,3,2,1,1916
2,3,1,2,1917
2,3,2,2,1918
2,3,2,2,1919
2,2,1,2,1920
2,2,1,2,1921
2,3,2,2,1922
2,2,2,2,1923
2,3,1,2,1924
2,3,2,1,1925
2,2,2,1,1926
1,1,1,1,1927
2,2,2,1,1928
3,3,2,2,1929
2,3,1,2,1930
4,3,2,4,1931
2,2,2,3,1932
1,1,2,1,1933
3,3,3,3,1934
2,2,2,1,1935
2,2,2,2,1936
3,3,3,2,1937
4,4,3,3,1938
3,3,3,2,1939
3,3,2,3,1940
1,1,2,1,1941
1,2,2,1,1942
3,3,2,2,1943
3,3,2,3,1944
4,4,3,3,1945
3,3,2,2,1946
2,2,2,2,1947
1,2,2,1,1948
3,3,3,2,1949
1,2,2,1,1950
2,2,2,2,1951
3,3,2,3,1952
1,1,1,2,1953
1,1,1,2,1954
4,4,3,4,1955
4,4,3,5,1956
1,1,2,1,1957
1,1,1,1,1958
2,2,2,1,1959
3,2,2,2,1960
3,3,2,3,1961
3,3,2,4,1962
4,3,3,4,1963
3,2,2,2,1964
3,2,3,3,1965
2,2,2,2,1966
1,1,1,1,1967
2,3,2,1,1968
3,3,2,2,1969
2,2,2,1,1970
3,2,3,1,1971
4,4,3,2,1972
4,4,3,2,1973
4,4,3,3,1974
3,3,2,3,1975
3,2,2,2,1976
1,1,1,1,1977
3,2,2,4,1978
2,1,1,3,1979
3,2,3,3,1980
2,1,2,2,1981
3,2,2,3,1982
3,3,3,3,1983
2,2,2,2,1984
2,2,2,2,1985
1,1,1,1,1986
2,2,2,1,1987
1,1,1,1,1988
2,2,2,1,1989
4,4,3,2,1990
1,1,1,1,1991
1,1,1,1,1992
3,2,2,3,1993
3,2,2,3,1994
3,3,3,3,1995
2,2,2,1,1996
1,1,2,1,1997
2,2,2,2,1998
4,4,3,3,1999
4,4,3,2,2000
3,3,2,2,2001
2,3,2,2,2002
2,2,2,2,2003
1,1,1,1,2004
3,2,2,3,2005
2,1,2,3,2006
3,3,2,3,2007
3,3,3,2,2008
1,2,2,1,2009
1,3,2,1,2010
3,2,3,2,2011
3,3,2,2,2012
3,3,2,3,2013
2,2,2,2,2014
1,2,3,1,2015
1,2,3,1,2016
3,3,3,3,2017
3,2,3,2,2018
2,2,2,1,2019
1,1,1,1,2020
1,1,1,1,2021
1,1,1,1,2022
3,3,2,2,2023
2,1,1,3,2024
3,3,3,2,2025
4,3,2,3,2026
4,4,3,3,2027
3,4,3,1,2028
1,1,1,2,2029
1,2,2,1,2030
1,3,3,1,2031
1,2,2,1,2032
4,5,4,2,2033
3,1,2,3,2034
2,2,3,2,2035
2,2,2,1,2036
1,1,2,1,2037
1,1,1,1,2038
1,1,1,1,2039
3,3,3,2,2040
3,2,4,1,2041
2,3,4,1,2042
2,2,2,2,2043
1,1,1,3,2044
1,1,2,1,2045
3,3,3,2,2046
1,1,1,1,2047
4,4,3,3,2048
4,3,3,3,2049
3,3,3,2,2050
3,4,3,2,2051
5,4,3,4,2052
4,4,3,3,2053
3,3,3,3,2054
5,5,5,2,2055
3,3,4,1,2056
3,3,3,1,2057
3,3,3,2,2058
2,3,3,1,2059
5,5,5,3,2060
1,1,1,1,2061
1,1,1,1,2062
5,4,4,5,2063
4,4,4,2,2064
4,5,4,2,2065
4,3,4,2,2066
5,5,4,4,2067
5,5,4,3,2068
1,2,3,1,2069
1,2,3,1,2070
2,2,3,1,2071
1,1,1,4,2072
1,1,1,4,2073
3,4,3,2,2074
3,4,3,2,2075
3,4,3,1,2076
4,4,3,4,2077
3,3,3,2,2078
3,3,3,2,2079
3,3,2,2,2080
3,3,3,2,2081
4,4,3,3,2082
4,4,3,2,2083
1,1,2,1,2084
3,3,3,3,2085
3,3,2,2,2086
2,2,3,1,2087
2,2,3,1,2088
2,2,2,2,2089
2,2,2,2,2090
1,2,3,1,2091
1,2,3,1,2092
1,2,3,1,2093
1,2,3,1,2094
3,3,3,1,2095
4,4,4,2,2096
3,3,3,2,2097
1,2,1,1,2098
2,4,4,1,2099
4,4,4,1,2100
4,3,4,3,2101
1,1,3,1,2102
1,2,2,1,2103
3,3,2,3,2104
3,4,2,2,2105
4,5,3,3,2106
3,4,3,2,2107
2,2,2,1,2108
1,2,2,1,2109
3,4,2,1,2110
1,1,1,1,2111
3,3,2,2,2112
2,2,2,3,2113
4,3,3,3,2114
4,3,3,4,2115
1,2,3,1,2116
1,3,3,1,2117
2,2,2,1,2118
2,2,3,1,2119
3,3,4,1,2120
2,2,3,1,2121
2,1,2,1,2122
1,1,1,1,2123
4,4,4,3,2124
3,3,2,2,2125
4,4,4,3,2126
1,2,2,1,2127
4,4,4,2,2128
5,5,5,2,2129
5,5,5,3,2130
4,4,4,2,2131
4,4,4,2,2132
5,5,5,3,2133
3,4,4,1,2134
2,1,2,1,2135
4,4,4,2,2136
5,4,5,2,2137
4,3,3,3,2138
3,4,3,1,2139
5,5,5,3,2140
5,5,4,4,2141
1,2,3,1,2142
3,2,3,2,2143
4,4,4,2,2144
2,2,3,1,2145
4,4,3,3,2146
3,3,3,2,2147
2,2,2,1,2148
2,2,3,1,2149
5,4,4,3,2150
5,5,4,3,2151
4,4,4,2,2152
4,4,4,2,2153
4,4,4,2,2154
5,4,5,3,2155
1,1,1,1,2156
4,4,4,2,2157
2,2,4,1,2158
1,2,4,1,2159
4,4,4,2,2160
2,3,4,1,2161
1,2,3,1,2162
4,4,4,2,2163
4,4,4,2,2164
5,4,5,3,2165
5,5,5,2,2166
5,5,5,4,2167
4,4,4,2,2168
3,3,4,1,2169
1,3,4,1,2170
2,2,3,1,2171
5,5,5,2,2172
2,3,4,1,2173
2,2,3,1,2174
1,1,1,1,2175
5,5,5,2,2176
3,4,4,1,2177
4,4,4,2,2178
1,1,1,1,2179
1,1,2,1,2180
2,3,2,2,2181
3,3,2,3,2182
1,2,1,1,2183
2,2,2,2,2184
2,2,2,3,2185
3,3,2,3,2186
2,2,2,2,2187
1,1,1,1,2188
2,2,2,2,2189
2,3,2,2,2190
1,2,1,1,2191
1,1,1,1,2192
1,2,2,1,2193
1,1,1,1,2194
1,2,3,1,2195
3,3,2,3,2196
1,2,2,1,2197
1,1,2,1,2198
3,3,2,2,2199
2,2,2,1,2200
3,2,2,2,2201
2,2,2,2,2202
3,3,2,2,2203
3,3,2,2,2204
3,3,2,2,2205
2,3,3,1,2206
1,2,2,1,2207
3,3,2,2,2208
2,2,2,1,2209
2,2,2,1,2210
1,1,1,1,2211
1,1,1,2,2212
3,3,2,2,2213
1,1,2,1,2214
1,2,2,1,2215
1,2,2,1,2216
1,1,1,1,2217
1,3,2,1,2218
1,1,1,1,2219
1,2,2,1,2220
1,1,1,1,2221
2,2,2,1,2222
2,2,2,1,2223
2,2,3,1,2224
1,2,2,1,2225
1,2,2,1,2226
1,1,1,1,2227
1,2,2,1,2228
1,2,2,1,2229
3,3,3,2,2230
1,2,2,1,2231
2,1,2,2,2232
1,1,2,1,2233
2,1,2,2,2234
1,1,1,1,2235
1,1,1,3,2236
1,1,2,1,2237
1,1,1,1,2238
1,1,1,1,2239
1,2,2,1,2240
1,2,3,1,2241
1,1,1,1,2242
1,1,2,1,2243
1,1,1,1,2244
1,1,1,1,2245
1,1,1,1,2246
2,3,2,1,2247
2,2,2,1,2248
1,2,2,1,2249
1,2,2,1,2250
2,2,2,1,2251
1,2,2,1,2252
2,3,2,2,2253
2,2,2,1,2254
1,1,2,1,2255
1,2,2,1,2256
1,1,1,1,2257
1,2,2,1,2258
1,1,1,1,2259
1,1,1,1,2260
2,3,3,1,2261
3,3,3,3,2262
3,3,2,3,2263
2,2,2,2,2264
1,2,1,2,2265
2,2,2,1,2266
1,2,2,1,2267
1,2,1,1,2268
2,2,2,2,2269
1,1,2,1,2270
2,2,2,2,2271
1,2,2,1,2272
2,2,2,2,2273
3,3,3,2,2274
2,2,2,1,2275
1,1,1,1,2276
3,3,2,3,2277
2,2,3,1,2278
2,3,3,1,2279
2,1,2,1,2280
2,2,2,1,2281
2,2,3,1,2282
1,1,1,1,2283
2,3,2,1,2284
3,3,2,2,2285
2,2,2,1,2286
1,1,1,1,2287
3,2,3,2,2288
2,1,2,1,2289
1,1,1,1,2290
3,3,3,2,2291
2,2,2,3,2292
3,2,2,3,2293
1,2,2,1,2294
1,2,2,1,2295
1,1,1,1,2296
2,2,2,2,2297
1,2,2,1,2298
1,1,1,2,2299
2,2,2,1,2300
1,1,2,1,2301
1,2,2,1,2302
4,3,2,4,2303
2,2,2,1,2304
1,2,2,1,2305
1,2,1,1,2306
3,3,3,2,2307
3,3,3,2,2308
1,1,2,1,2309
1,1,1,1,2310
3,3,2,3,2311
3,3,2,3,2312
3,2,3,2,2313
2,2,2,2,2314
2,3,2,2,2315
3,3,2,3,2316
2,2,2,2,2317
2,2,2,2,2318
2,3,2,2,2319
2,2,1,3,2320
2,2,1,2,2321
3,2,2,3,2322
2,3,2,2,2323
3,3,2,3,2324
3,3,2,3,2325
2,3,2,2,2326
1,1,1,4,2327
2,2,2,3,2328
3,3,2,2,2329
3,3,2,3,2330
2,2,1,2,2331
2,3,2,2,2332
2,3,2,1,2333
2,2,1,3,2334
3,3,2,2,2335
2,2,2,2,2336
3,3,2,3,2337
3,2,2,3,2338
2,2,2,1,2339
2,3,2,2,2340
2,2,1,2,2341
2,2,1,2,2342
1,2,1,2,2343
2,2,2,1,2344
1,1,1,1,2345
1,2,1,1,2346
1,1,1,1,2347
2,2,2,1,2348
1,2,1,1,2349
2,2,2,1,2350
3,3,2,2,2351
1,1,1,1,2352
3,2,2,3,2353
3,3,1,5,2354
3,3,3,3,2355
2,3,2,2,2356
1,2,2,1,2357
3,3,2,2,2358
3,3,2,2,2359
4,4,2,3,2360
2,2,2,2,2361
3,3,2,3,2362
3,3,2,4,2363
3,3,2,3,2364
2,2,2,1,2365
3,3,2,3,2366
3,3,2,3,2367
2,3,1,2,2368
2,3,2,2,2369
3,3,2,3,2370
1,1,1,2,2371
3,3,2,2,2372
2,3,1,3,2373
1,2,1,1,2374
2,3,2,1,2375
2,2,2,2,2376
2,2,2,1,2377
2,2,2,2,2378
1,2,1,1,2379
2,2,1,2,2380
2,2,2,2,2381
3,3,2,2,2382
2,1,1,2,2383
2,2,2,3,2384
2,3,2,2,2385
2,3,2,2,2386
1,1,2,1,2387
1,2,1,1,2388
2,2,1,2,2389
2,1,1,2,2390
2,2,1,2,2391
1,1,1,1,2392
1,1,1,1,2393
2,2,2,2,2394
1,2,1,1,2395
2,2,1,2,2396
2,2,2,2,2397
2,2,1,3,2398
2,2,1,2,2399
2,2,2,2,2400
1,1,1,1,2401
1,1,1,2,2402
3,3,2,2,2403
2,3,2,2,2404
2,2,2,2,2405
2,3,2,1,2406
1,2,1,2,2407
2,2,1,2,2408
1,1,1,1,2409
1,1,1,1,2410
1,1,1,1,2411
1,1,1,1,2412
1,1,1,1,2413
1,2,2,1,2414
1,2,2,1,2415
1,1,1,1,2416
2,3,2,1,2417
1,2,2,1,2418
1,1,2,1,2419
1,1,1,1,2420
1,2,2,1,2421
1,1,2,1,2422
1,1,1,1,2423
2,2,1,2,2424
2,2,1,4,2425
3,3,2,3,2426
3,2,2,4,2427
1,1,1,1,2428
1,1,2,1,2429
1,1,2,1,2430
1,1,1,1,2431
1,1,1,1,2432
2,2,2,2,2433
1,1,1,1,2434
1,1,1,1,2435
1,2,2,1,2436
1,2,1,1,2437
2,3,2,2,2438
2,2,1,2,2439
2,2,2,3,2440
2,2,1,2,2441
3,3,2,2,2442
2,3,2,2,2443
1,1,1,1,2444
2,3,2,1,2445
1,2,1,1,2446
2,2,2,3,2447
2,2,2,3,2448
3,3,2,4,2449
3,3,2,3,2450
2,2,2,2,2451
2,3,2,2,2452
2,2,2,2,2453
2,2,2,2,2454
2,2,2,2,2455
3,3,2,3,2456
2,3,2,2,2457
1,1,1,1,2458
2,3,2,2,2459
2,2,1,2,2460
2,2,2,2,2461
1,2,1,1,2462
1,1,1,2,2463
1,1,1,2,2464
1,1,1,1,2465
1,1,1,1,2466
1,1,1,1,2467
1,1,1,1,2468
1,1,1,2,2469
1,1,1,1,2470
1,1,2,1,2471
1,1,2,1,2472
2,3,2,1,2473
2,2,1,2,2474
2,2,1,2,2475
2,2,2,1,2476
2,2,2,2,2477
2,2,1,3,2478
2,2,2,3,2479
3,3,2,3,2480
3,3,2,2,2481
4,4,2,3,2482
3,3,2,3,2483
2,2,2,2,2484
1,3,2,1,2485
1,2,1,1,2486
1,1,1,1,2487
1,1,1,1,2488
2,3,2,2,2489
2,3,2,1,2490
2,2,1,2,2491
3,3,2,3,2492
2,2,1,2,2493
2,3,2,2,2494
2,2,2,2,2495
1,2,1,2,2496
2,2,1,2,2497
3,3,1,3,2498
2,2,1,2,2499
3,3,2,2,2500
1,2,1,1,2501
3,3,2,3,2502
1,1,1,1,2503
2,2,1,1,2504
1,2,1,1,2505
2,2,1,2,2506
2,2,1,1,2507
3,3,2,3,2508
3,3,2,2,2509
2,2,1,2,2510
2,3,2,2,2511
1,2,2,1,2512
1,2,1,2,2513
2,3,2,2,2514
1,2,1,1,2515
3,3,3,2,2516
4,4,4,3,2517
3,3,3,2,2518
3,3,3,2,2519
2,2,2,1,2520
3,3,3,2,2521
4,4,4,2,2522
4,4,4,3,2523
4,3,4,2,2524
4,3,4,2,2525
3,3,3,1,2526
3,2,3,1,2527
2,1,2,1,2528
2,2,3,1,2529
2,2,3,1,2530
2,2,3,1,2531
2,2,3,2,2532
1,1,1,1,2533
3,2,4,1,2534
3,3,3,2,2535
4,3,4,2,2536
3,3,3,1,2537
4,4,4,2,2538
4,4,4,3,2539
4,4,4,2,2540
4,4,4,2,2541
4,4,4,2,2542
3,3,3,2,2543
3,3,3,3,2544
4,3,3,3,2545
2,2,2,2,2546
3,2,3,2,2547
3,2,3,2,2548
2,2,2,2,2549
2,2,3,1,2550
2,2,2,2,2551
2,2,3,1,2552
4,4,4,2,2553
5,4,4,4,2554
2,1,2,2,2555
4,4,4,2,2556
2,2,3,1,2557
2,2,2,1,2558
2,1,3,1,2559
1,2,2,1,2560
2,1,2,1,2561
3,2,3,3,2562
3,3,3,2,2563
2,2,3,1,2564
3,2,3,1,2565
2,1,2,1,2566
4,2,3,3,2567
3,2,3,2,2568
2,2,2,2,2569
4,4,3,2,2570
3,3,3,2,2571
2,3,3,1,2572
2,1,1,2,2573
1,1,2,1,2574
2,2,2,1,2575
1,1,1,1,2576
1,1,1,1,2577
3,2,3,3,2578
3,2,3,1,2579
2,2,3,1,2580
1,1,2,1,2581
1,1,3,1,2582
2,1,2,2,2583
1,2,2,1,2584
2,2,3,1,2585
2,2,3,1,2586
1,2,2,1,2587
2,2,3,1,2588
1,2,3,1,2589
1,2,3,1,2590
3,3,3,2,2591
3,3,3,1,2592
2,2,3,1,2593
2,2,3,2,2594
2,2,3,1,2595
2,2,3,1,2596
2,2,3,1,2597
2,2,3,2,2598
3,3,3,1,2599
3,3,3,3,2600
4,3,3,2,2601
4,3,3,2,2602
4,4,4,2,2603
5,5,5,3,2604
5,5,5,3,2605
3,3,4,2,2606
3,3,4,1,2607
4,3,4,2,2608
5,5,5,2,2609
4,4,4,2,2610
2,2,3,2,2611
4,4,4,2,2612
5,5,5,3,2613
3,3,4,1,2614
5,5,5,2,2615
1,1,2,1,2616
5,5,5,3,2617
4,4,4,2,2618
4,5,4,2,2619
2,2,2,2,2620
4,4,4,2,2621
5,5,5,3,2622
5,5,5,3,2623
4,4,4,2,2624
4,3,4,2,2625
1,1,2,1,2626
2,2,2,2,2627
1,1,1,1,2628
3,3,4,1,2629
1,3,4,1,2630
2,1,2,1,2631
2,2,3,1,2632
2,2,2,1,2633
1,1,2,1,2634
1,2,3,1,2635
1,1,2,1,2636
2,2,2,2,2637
2,2,2,1,2638
3,2,3,2,2639
2,1,2,2,2640
3,2,3,3,2641
3,2,3,3,2642
3,3,3,2,2643
3,3,3,2,2644
1,1,2,1,2645
2,3,4,1,2646
3,3,3,2,2647
3,3,3,1,2648
3,3,3,2,2649
3,3,3,1,2650
3,2,3,1,2651
2,2,3,1,2652
2,3,3,1,2653
2,3,4,1,2654
3,3,3,2,2655
2,3,3,1,2656
1,1,1,1,2657
1,1,1,1,2658
4,3,3,3,2659
5,4,4,4,2660
4,5,4,2,2661
3,2,3,2,2662
2,1,2,1,2663
3,2,3,3,2664
4,3,3,3,2665
3,3,3,3,2666
3,2,2,2,2667
2,2,3,1,2668
2,2,3,1,2669
2,2,2,1,2670
2,1,3,1,2671
2,2,3,1,2672
3,3,3,2,2673
1,1,2,1,2674
4,4,3,3,2675
3,3,3,2,2676
4,4,4,2,2677
5,4,4,4,2678
2,2,2,1,2679
4,4,4,3,2680
4,4,3,3,2681
3,3,4,2,2682
1,1,1,2,2683
1,1,1,2,2684
3,1,3,2,2685
3,3,3,2,2686
2,1,2,1,2687
1,1,2,1,2688
1,1,1,1,2689
2,1,2,1,2690
1,1,1,1,2691
2,2,3,1,2692
2,2,3,1,2693
1,1,1,2,2694
2,1,1,3,2695
3,2,2,3,2696
2,1,1,5,2697
2,2,2,1,2698
2,1,2,2,2699
2,2,2,1,2700
2,2,2,1,2701
2,2,2,2,2702
3,2,3,2,2703
2,2,3,1,2704
2,2,3,1,2705
1,2,2,1,2706
2,2,2,2,2707
5,4,4,3,2708
3,2,3,2,2709
3,2,3,2,2710
3,3,3,2,2711
1,1,2,1,2712
2,2,3,1,2713
2,2,3,1,2714
2,2,3,1,2715
2,2,3,1,2716
3,3,3,2,2717
2,1,2,1,2718
1,1,2,1,2719
3,2,3,2,2720
2,2,3,1,2721
3,2,3,1,2722
2,2,2,1,2723
1,1,1,1,2724
2,2,3,1,2725
1,1,1,1,2726
2,2,2,2,2727
2,2,1,2,2728
2,2,2,2,2729
3,4,4,1,2730
4,4,4,2,2731
5,4,5,3,2732
5,5,4,4,2733
5,4,4,4,2734
5,5,5,2,2735
4,4,4,2,2736
1,2,3,1,2737
1,1,2,1,2738
1,2,2,1,2739
2,2,3,1,2740
2,1,2,1,2741
3,1,2,2,2742
2,1,1,3,2743
2,2,2,2,2744
4,5,5,2,2745
5,5,5,3,2746
2,2,3,2,2747
2,2,3,1,2748
2,2,3,1,2749
3,2,3,2,2750
3,2,3,3,2751
3,3,3,2,2752
2,2,2,2,2753
1,1,2,1,2754
1,1,2,1,2755
1,2,2,1,2756
1,1,2,1,2757
1,1,1,1,2758
1,1,1,1,2759
1,1,2,1,2760
1,1,2,1,2761
1,1,2,1,2762
3,2,3,2,2763
2,1,3,1,2764
3,2,3,2,2765
3,2,3,2,2766
3,1,3,2,2767
2,1,3,1,2768
3,1,4,1,2769
2,1,3,1,2770
2,2,3,1,2771
2,1,2,2,2772
3,3,3,2,2773
2,2,3,1,2774
2,2,3,1,2775
2,2,3,1,2776
2,2,3,1,2777
2,2,3,1,2778
2,2,3,1,2779
3,3,4,1,2780
2,2,3,1,2781
1,1,1,2,2782
3,2,3,2,2783
3,2,3,2,2784
3,3,4,1,2785
3,3,4,1,2786
2,2,3,1,2787
2,2,3,1,2788
2,3,3,1,2789
4,4,3,2,2790
3,2,3,2,2791
2,2,3,1,2792
2,2,3,1,2793
3,3,4,1,2794
2,3,4,1,2795
2,2,3,1,2796
1,2,3,1,2797
2,2,3,1,2798
1,2,2,1,2799
1,2,2,1,2800
2,3,3,1,2801
3,3,4,1,2802
3,3,4,1,2803
3,3,3,1,2804
2,2,2,1,2805
3,3,3,1,2806
3,3,3,1,2807
3,3,3,1,2808
4,4,4,3,2809
2,1,2,1,2810
1,1,1,4,2811
2,2,3,1,2812
3,2,4,2,2813
4,3,3,3,2814
5,5,3,3,2815
2,2,2,1,2816
4,3,3,2,2817
3,2,3,1,2818
2,2,3,1,2819
3,3,4,2,2820
3,2,3,3,2821
4,4,4,2,2822
3,2,3,3,2823
2,2,2,1,2824
4,4,4,1,2825
3,3,3,1,2826
3,3,3,2,2827
4,3,4,3,2828
3,2,3,3,2829
3,3,3,2,2830
3,2,3,2,2831
1,2,3,1,2832
3,2,3,1,2833
2,2,3,1,2834
2,2,2,1,2835
3,4,4,1,2836
3,4,4,1,2837
5,5,4,3,2838
3,4,5,1,2839
2,2,3,2,2840
4,3,3,2,2841
5,3,4,5,2842
2,1,1,3,2843
4,3,3,3,2844
4,3,3,2,2845
2,2,3,1,2846
4,4,5,1,2847
3,3,4,2,2848
4,4,4,2,2849
3,4,5,1,2850
2,3,4,1,2851
2,3,4,1,2852
4,4,4,2,2853
1,2,3,1,2854
3,3,3,1,2855
3,3,4,1,2856
3,3,4,1,2857
3,3,4,1,2858
3,3,4,2,2859
1,2,2,1,2860
2,2,3,1,2861
4,3,3,3,2862
1,1,1,2,2863
2,2,2,1,2864
2,2,3,1,2865
2,3,3,1,2866
3,3,3,1,2867
1,1,1,2,2868
1,1,1,1,2869
4,3,4,2,2870
3,4,4,1,2871
5,5,4,3,2872
2,2,3,1,2873
3,3,3,2,2874
3,2,3,2,2875
3,2,3,2,2876
1,2,2,1,2877
2,2,2,1,2878
2,1,2,2,2879
2,2,2,1,2880
3,4,4,2,2881
3,3,3,1,2882
2,3,3,1,2883
3,3,3,2,2884
2,2,3,2,2885
2,1,1,2,2886
2,2,2,1,2887
1,2,2,1,2888
2,2,3,1,2889
3,3,3,1,2890
3,4,4,1,2891
4,4,4,1,2892
3,3,4,2,2893
3,3,3,1,2894
2,2,3,1,2895
2,3,4,1,2896
2,3,4,1,2897
5,4,5,3,2898
4,4,4,2,2899
3,3,4,2,2900
2,2,3,1,2901
3,3,3,1,2902
2,2,2,1,2903
2,2,3,1,2904
2,1,2,2,2905
2,2,2,2,2906
2,2,2,2,2907
3,2,3,2,2908
2,2,3,1,2909
5,5,5,2,2910
4,5,4,2,2911
2,2,3,1,2912
1,2,2,1,2913
2,2,3,1,2914
2,3,3,1,2915
3,3,4,1,2916
3,3,4,1,2917
5,4,5,2,2918
3,3,4,1,2919
4,4,4,2,2920
5,5,5,3,2921
4,4,5,2,2922
3,3,4,1,2923
2,2,3,1,2924
2,2,2,2,2925
2,3,3,1,2926
2,2,3,1,2927
2,2,3,1,2928
2,2,3,1,2929
1,1,1,1,2930
2,2,3,1,2931
3,3,3,1,2932
1,1,1,1,2933
3,3,3,1,2934
4,4,4,2,2935
4,4,4,2,2936
3,3,4,1,2937
4,4,4,2,2938
2,2,3,1,2939
2,2,3,1,2940
3,2,3,1,2941
3,3,3,2,2942
3,3,4,2,2943
3,3,3,2,2944
2,3,3,1,2945
3,3,2,2,2946
1,2,3,1,2947
1,2,4,1,2948
3,3,3,1,2949
4,4,4,2,2950
3,3,3,2,2951
3,2,3,1,2952
2,2,3,1,2953
3,3,4,1,2954
3,2,3,2,2955
4,4,4,2,2956
4,3,3,3,2957
3,2,3,2,2958
3,2,3,2,2959
1,1,2,1,2960
1,2,3,1,2961
2,2,2,1,2962
3,3,3,2,2963
3,3,3,2,2964
4,3,3,3,2965
3,3,3,1,2966
3,3,3,1,2967
3,3,3,2,2968
3,3,3,1,2969
1,1,1,2,2970
1,1,1,1,2971
1,1,1,1,2972
4,4,4,2,2973
1,1,2,1,2974
1,2,2,1,2975
1,2,2,1,2976
1,2,3,1,2977
2,2,3,1,2978
2,2,3,1,2979
3,3,2,2,2980
3,3,3,2,2981
1,2,1,1,2982
2,2,2,2,2983
3,3,3,2,2984
1,2,2,1,2985
2,3,3,1,2986
2,2,3,1,2987
1,2,2,1,2988
3,3,4,1,2989
2,2,3,1,2990
3,3,4,1,2991
2,2,3,1,2992
3,3,3,2,2993
1,3,3,1,2994
2,2,3,1,2995
1,2,2,1,2996
1,1,2,1,2997
1,2,2,1,2998
1,2,2,1,2999
1,2,3,1,3000
4,4,3,2,3001
1,2,2,1,3002
1,2,2,1,3003
3,3,3,1,3004
2,2,3,1,3005
3,3,3,1,3006
3,3,3,1,3007
3,3,3,2,3008
1,1,2,1,3009
1,1,2,1,3010
1,1,1,1,3011
1,1,1,1,3012
1,1,2,1,3013
1,2,2,1,3014
1,2,2,1,3015
4,3,3,2,3016
2,3,3,1,3017
3,3,4,2,3018
4,4,4,2,3019
3,2,3,2,3020
4,3,4,2,3021
4,4,4,2,3022
2,2,3,1,3023
3,3,3,2,3024
3,3,3,2,3025
1,1,1,1,3026
1,2,2,1,3027
3,4,4,1,3028
1,2,2,1,3029
4,4,4,2,3030
1,3,3,1,3031
1,3,3,1,3032
2,3,3,1,3033
2,2,3,1,3034
1,2,3,1,3035
1,2,2,1,3036
1,2,2,1,3037
2,2,2,1,3038
1,1,1,2,3039
3,3,3,2,3040
3,2,3,3,3041
3,2,3,2,3042
3,3,3,2,3043
3,3,3,2,3044
3,3,3,2,3045
4,4,4,2,3046
4,4,4,2,3047
3,3,3,2,3048
2,2,3,1,3049
1,1,1,2,3050
1,1,2,1,3051
3,2,3,2,3052
2,2,1,2,3053
4,4,4,3,3054
5,5,4,2,3055
3,2,3,2,3056
3,3,3,2,3057
3,3,4,1,3058
3,4,4,1,3059
3,2,3,2,3060
1,1,1,1,3061
4,3,3,3,3062
2,2,2,1,3063
1,1,2,1,3064
1,2,3,1,3065
2,2,3,1,3066
2,3,3,1,3067
1,1,1,1,3068
2,2,3,1,3069
3,3,4,1,3070
3,3,4,1,3071
3,3,3,1,3072
2,1,2,1,3073
1,2,2,1,3074
3,3,3,1,3075
3,3,3,1,3076
3,3,3,2,3077
4,5,5,2,3078
3,4,5,1,3079
1,1,2,1,3080
1,2,3,1,3081
1,2,2,1,3082
1,2,2,1,3083
1,1,1,1,3084
1,2,3,1,3085
1,1,1,1,3086
3,4,3,2,3087
3,3,3,2,3088
3,4,3,2,3089
4,4,3,2,3090
4,4,3,2,3091
4,4,4,3,3092
4,4,3,2,3093
3,3,3,2,3094
2,2,3,1,3095
1,1,1,1,3096
1,1,2,1,3097
2,2,2,1,3098
2,1,2,1,3099
1,1,1,1,3100
1,1,1,1,3101
1,1,1,1,3102
1,1,1,2,3103
1,1,1,1,3104
1,1,1,1,3105
1,1,1,1,3106
1,1,1,1,3107
3,4,3,1,3108
2,3,3,1,3109
2,2,3,1,3110
2,3,3,1,3111
3,3,4,1,3112
3,3,3,1,3113
2,3,4,1,3114
2,2,3,1,3115
3,3,3,2,3116
3,3,3,2,3117
4,4,3,2,3118
3,4,3,1,3119
3,3,3,2,3120
2,1,1,2,3121
1,1,1,2,3122
1,2,2,1,3123
1,1,1,1,3124
2,2,2,2,3125
2,2,1,3,3126
3,2,3,2,3127
3,3,3,1,3128
2,3,3,1,3129
1,2,2,1,3130
3,3,3,2,3131
3,3,3,1,3132
2,2,2,1,3133
1,1,2,1,3134
2,4,3,1,3135
3,2,3,2,3136
4,4,4,3,3137
4,4,4,3,3138
2,2,2,2,3139
2,1,1,3,3140
1,1,1,4,3141
1,1,1,1,3142
1,1,2,1,3143
1,1,1,2,3144
2,3,2,2,3145
2,1,1,5,3146
1,2,2,1,3147
1,1,1,3,3148
1,1,1,3,3149
1,1,1,4,3150
1,1,1,3,3151
1,1,1,5,3152
2,2,2,1,3153
1,1,1,2,3154
1,1,1,2,3155
1,1,1,3,3156
2,2,2,2,3157
1,1,1,1,3158
1,1,1,1,3159
2,1,1,2,3160
1,1,1,1,3161
1,1,1,1,3162
2,1,1,2,3163
2,1,1,2,3164
1,2,2,1,3165
1,1,1,4,3166
1,1,1,1,3167
1,1,1,4,3168
1,1,1,5,3169
1,1,1,2,3170
2,2,1,2,3171
2,2,1,3,3172
1,1,1,5,3173
1,1,1,3,3174
1,1,1,1,3175
1,1,1,1,3176
2,1,1,5,3177
1,1,1,2,3178
1,1,1,1,3179
1,1,2,1,3180
1,1,1,1,3181
1,1,1,2,3182
2,1,1,3,3183
1,1,1,3,3184
2,1,2,1,3185
2,2,2,2,3186
1,1,2,1,3187
1,2,2,1,3188
1,1,1,2,3189
2,2,2,2,3190
2,3,2,2,3191
1,2,2,1,3192
1,2,2,1,3193
1,1,1,1,3194
1,1,1,4,3195
1,1,1,3,3196
1,1,1,1,3197
1,1,1,2,3198
2,2,2,1,3199
2,2,2,3,3200
1,2,2,1,3201
1,1,2,1,3202
1,2,2,1,3203
1,1,2,1,3204
1,1,1,5,3205
1,1,1,5,3206
1,1,1,1,3207
1,1,1,2,3208
1,1,1,4,3209
1,1,1,2,3210
2,2,2,3,3211
1,1,1,3,3212
1,1,1,3,3213
1,1,1,2,3214
1,2,2,1,3215
1,1,1,1,3216
1,1,1,1,3217
1,2,2,1,3218
2,2,2,3,3219
1,1,1,3,3220
1,2,2,1,3221
1,3,2,1,3222
1,1,1,5,3223
1,2,2,1,3224
3,2,2,3,3225
3,2,2,3,3226
3,2,2,3,3227
2,2,2,2,3228
2,2,1,3,3229
2,1,2,2,3230
1,1,1,2,3231
1,1,1,1,3232
2,2,1,2,3233
1,1,1,4,3234
2,2,1,2,3235
1,1,1,2,3236
2,1,2,2,3237
2,1,1,3,3238
1,1,1,3,3239
1,1,1,3,3240
2,1,1,3,3241
1,1,1,2,3242
1,1,2,1,3243
1,1,1,5,3244
2,1,1,2,3245
1,1,1,3,3246
1,2,3,1,3247
1,2,2,1,3248
1,1,2,1,3249
1,1,1,1,3250
1,1,1,1,3251
1,1,1,4,3252
1,1,1,1,3253
1,1,1,1,3254
2,2,3,1,3255
1,2,2,1,3256
1,1,1,1,3257
1,1,1,2,3258
1,1,1,1,3259
1,2,2,1,3260
2,2,1,4,3261
1,1,1,5,3262
1,1,1,1,3263
1,1,1,1,3264
1,1,1,1,3265
1,1,1,1,3266
1,1,1,1,3267
1,1,3,1,3268
1,1,2,1,3269
1,1,1,5,3270
1,1,1,3,3271
1,1,1,1,3272
1,1,1,1,3273
1,1,2,1,3274
1,1,1,1,3275
1,1,2,1,3276
1,1,1,1,3277
1,1,2,1,3278
1,1,1,1,3279
1,1,1,2,3280
1,1,1,2,3281
1,1,1,4,3282
1,2,2,1,3283
2,2,2,2,3284
1,2,2,1,3285
1,1,1,2,3286
1,2,2,1,3287
2,2,2,1,3288
3,3,2,3,3289
1,1,2,1,3290
1,1,1,3,3291
1,1,1,2,3292
1,1,1,3,3293
1,1,1,1,3294
1,1,2,1,3295
2,2,1,3,3296
1,1,2,1,3297
2,2,2,2,3298
2,2,2,1,3299
1,1,1,4,3300
1,1,2,1,3301
1,1,2,1,3302
2,2,2,3,3303
1,1,1,1,3304
1,1,2,1,3305
1,1,1,1,3306
1,1,1,1,3307
1,1,1,1,3308
1,1,2,1,3309
1,2,2,1,3310
1,2,2,1,3311
1,2,1,1,3312
1,2,1,1,3313
1,1,2,1,3314
1,1,1,1,3315
1,1,1,1,3316
1,1,1,1,3317
1,1,1,1,3318
1,1,1,1,3319
1,1,1,1,3320
1,1,1,1,3321
1,1,1,2,3322
1,1,1,1,3323
1,1,1,1,3324
1,1,1,1,3325
1,1,1,1,3326
1,1,1,2,3327
1,1,1,1,3328
1,1,1,1,3329
1,1,1,1,3330
1,1,1,1,3331
1,1,1,1,3332
1,1,1,1,3333
1,1,1,1,3334
2,2,2,3,3335
1,1,1,1,3336
2,2,2,3,3337
1,1,1,1,3338
1,1,1,2,3339
2,1,1,2,3340
2,1,1,2,3341
1,1,1,2,3342
1,1,1,1,3343
1,1,1,1,3344
2,1,1,4,3345
2,1,1,3,3346
2,1,1,3,3347
2,1,1,5,3348
1,1,1,1,3349
1,1,1,2,3350
1,1,1,2,3351
1,1,1,2,3352
2,2,2,2,3353
1,1,1,2,3354
1,1,1,2,3355
1,1,1,2,3356
2,1,1,3,3357
2,2,1,2,3358
1,1,1,2,3359
1,1,2,1,3360
3,3,2,2,3361
2,2,1,2,3362
3,2,2,4,3363
2,2,2,2,3364
1,1,1,1,3365
3,1,2,4,3366
1,1,1,2,3367
1,1,1,1,3368
1,1,1,2,3369
1,1,1,2,3370
2,1,1,3,3371
1,1,1,2,3372
1,1,1,2,3373
1,1,1,2,3374
2,2,2,2,3375
1,2,1,2,3376
2,2,1,2,3377
3,3,2,3,3378
3,2,2,3,3379
2,1,1,2,3380
2,1,2,2,3381
1,1,1,2,3382
1,1,1,1,3383
2,1,1,2,3384
1,1,1,2,3385
2,2,2,3,3386
2,2,2,2,3387
1,1,1,2,3388
2,1,2,2,3389
2,2,2,2,3390
1,1,1,2,3391
2,2,2,2,3392
2,1,2,3,3393
1,1,1,2,3394
1,1,1,2,3395
1,1,1,2,3396
1,1,1,1,3397
2,2,1,2,3398
1,1,1,2,3399
1,1,1,1,3400
2,1,1,2,3401
1,1,1,1,3402
1,1,1,1,3403
1,1,1,1,3404
1,1,1,1,3405
1,1,1,1,3406
1,1,1,1,3407
1,1,1,2,3408
1,1,1,3,3409
1,1,1,3,3410
1,1,1,3,3411
1,1,1,3,3412
3,3,2,3,3413
2,2,1,2,3414
1,2,1,2,3415
2,2,1,2,3416
2,2,1,2,3417
3,2,2,3,3418
3,3,2,3,3419
3,3,2,3,3420
3,3,2,4,3421
1,1,2,1,3422
2,2,2,3,3423
2,2,2,2,3424
3,3,2,3,3425
2,2,2,2,3426
2,3,2,2,3427
3,3,2,2,3428
3,3,2,2,3429
3,4,2,3,3430
2,2,1,3,3431
1,1,1,1,3432
2,2,2,2,3433
3,3,2,2,3434
3,3,2,2,3435
2,1,1,3,3436
2,2,1,2,3437
2,2,2,2,3438
2,1,1,2,3439
2,2,2,2,3440
1,1,1,1,3441
2,1,1,3,3442
1,1,1,1,3443
2,1,1,2,3444
2,2,2,1,3445
1,2,1,3,3446
1,1,1,1,3447
1,1,1,1,3448
1,1,2,1,3449
2,2,2,1,3450
1,1,2,1,3451
2,2,1,2,3452
2,2,2,3,3453
2,2,2,2,3454
2,2,2,2,3455
2,2,2,2,3456
2,2,2,2,3457
1,1,1,1,3458
1,1,1,1,3459
1,2,1,2,3460
1,1,1,1,3461
2,2,1,2,3462
1,3,2,1,3463
2,1,1,3,3464
2,3,1,2,3465
2,1,1,2,3466
3,3,2,3,3467
3,3,2,2,3468
3,3,2,5,3469
4,3,2,5,3470
4,3,2,5,3471
4,3,2,5,3472
4,3,2,5,3473
3,2,2,3,3474
1,1,1,4,3475
2,1,1,5,3476
2,2,2,3,3477
2,1,1,3,3478
2,1,1,3,3479
1,1,1,2,3480
3,3,2,2,3481
3,3,1,3,3482
2,2,1,3,3483
3,3,2,3,3484
1,1,1,2,3485
2,2,1,3,3486
2,3,1,3,3487
2,2,1,3,3488
2,2,1,3,3489
2,2,1,2,3490
2,1,1,4,3491
2,2,1,3,3492
2,3,2,2,3493
3,3,2,3,3494
2,2,1,2,3495
3,3,2,3,3496
1,1,1,3,3497
3,3,2,4,3498
1,1,1,2,3499
1,1,1,4,3500
1,1,1,2,3501
2,2,1,3,3502
1,1,1,2,3503
1,1,1,2,3504
1,2,1,1,3505
1,1,1,1,3506
1,1,1,2,3507
2,2,2,3,3508
3,3,2,3,3509
3,3,2,3,3510
3,3,2,3,3511
3,3,2,3,3512
2,2,1,2,3513
3,3,2,4,3514
1,1,1,2,3515
2,2,1,2,3516
1,2,1,3,3517
1,1,1,2,3518
2,1,1,3,3519
1,1,1,2,3520
2,1,1,3,3521
2,2,1,4,3522
2,2,1,2,3523
1,1,1,2,3524
2,2,1,2,3525
1,1,1,4,3526
1,1,1,2,3527
1,1,1,1,3528
2,1,1,4,3529
1,1,1,1,3530
1,1,1,2,3531
1,1,1,1,3532
1,1,1,1,3533
1,1,1,4,3534
3,2,2,2,3535
2,1,1,3,3536
2,2,2,2,3537
1,1,1,2,3538
1,1,1,1,3539
1,1,2,1,3540
1,1,1,1,3541
1,1,1,1,3542
1,1,1,1,3543
1,1,2,1,3544
1,1,1,1,3545
1,1,1,1,3546
1,1,1,1,3547
1,1,1,2,3548
1,1,1,3,3549
1,1,1,4,3550
1,1,1,2,3551
1,1,1,5,3552
2,1,2,3,3553
1,1,1,5,3554
2,1,1,3,3555
1,1,1,4,3556
1,1,1,4,3557
1,1,1,5,3558
1,1,1,4,3559
1,1,1,1,3560
1,1,1,1,3561
1,1,1,1,3562
1,1,1,1,3563
1,1,1,1,3564
1,1,1,1,3565
1,1,1,1,3566
1,1,1,1,3567
1,1,1,2,3568
1,1,1,1,3569
1,1,1,1,3570
2,1,1,2,3571
1,1,1,2,3572
1,1,1,1,3573
2,1,1,3,3574
2,1,2,2,3575
3,1,2,4,3576
2,1,2,2,3577
2,2,2,2,3578
2,1,2,3,3579
1,1,1,4,3580
1,1,1,2,3581
1,1,1,2,3582
1,1,1,2,3583
1,1,1,2,3584
1,1,1,3,3585
1,1,1,3,3586
2,2,2,3,3587
2,1,1,3,3588
1,1,1,3,3589
2,1,2,2,3590
2,1,2,2,3591
1,1,1,4,3592
3,2,2,3,3593
3,2,2,2,3594
3,2,1,4,3595
1,1,1,3,3596
1,1,1,3,3597
2,1,1,3,3598
1,1,1,1,3599
1,1,1,1,3600
1,1,1,1,3601
2,1,1,3,3602
1,1,1,4,3603
1,1,1,4,3604
1,1,1,2,3605
1,1,1,3,3606
1,1,1,3,3607
1,1,1,5,3608
1,1,1,3,3609
1,1,1,4,3610
1,1,1,2,3611
1,1,2,1,3612
1,1,2,1,3613
1,1,1,1,3614
1,1,2,1,3615
1,1,1,1,3616
1,1,1,4,3617
1,1,1,4,3618
1,1,1,2,3619
2,1,1,3,3620
1,1,1,1,3621
1,1,1,2,3622
1,1,1,1,3623
1,1,1,2,3624
1,1,1,4,3625
1,1,1,3,3626
1,1,1,3,3627
1,1,1,5,3628
1,1,1,2,3629
1,1,1,5,3630
1,1,1,4,3631
3,2,2,4,3632
2,2,1,3,3633
1,1,1,1,3634
1,1,1,1,3635
1,1,1,2,3636
1,1,1,5,3637
1,1,1,5,3638
1,1,1,3,3639
1,1,1,2,3640
1,1,1,2,3641
3,2,2,4,3642
2,1,1,3,3643
3,2,2,4,3644
2,1,2,2,3645
2,2,2,2,3646
2,2,2,2,3647
3,1,2,3,3648
2,1,2,3,3649
2,2,1,2,3650
3,2,2,3,3651
2,2,2,1,3652
1,1,1,1,3653
1,1,1,2,3654
1,1,1,2,3655
1,1,1,1,3656
2,1,1,3,3657
2,2,1,2,3658
2,2,2,2,3659
2,1,2,2,3660
1,1,1,2,3661
3,3,2,2,3662
3,3,3,3,3663
2,2,1,3,3664
2,2,2,1,3665
1,1,1,2,3666
1,1,1,2,3667
1,1,2,1,3668
2,2,2,2,3669
1,1,1,2,3670
2,2,1,2,3671
2,2,1,2,3672
2,2,2,2,3673
2,1,1,3,3674
2,2,1,2,3675
1,1,1,1,3676
2,2,1,2,3677
1,1,1,2,3678
1,1,1,1,3679
1,1,1,2,3680
2,2,2,2,3681
2,2,2,3,3682
1,1,1,3,3683
3,2,2,3,3684
2,2,2,2,3685
2,1,1,2,3686
2,1,2,2,3687
2,3,2,2,3688
3,3,2,4,3689
2,2,1,2,3690
2,2,1,3,3691
2,1,1,2,3692
2,1,1,4,3693
1,1,1,3,3694
2,1,1,3,3695
3,3,2,2,3696
2,2,2,2,3697
4,3,2,4,3698
2,1,1,2,3699
1,1,1,2,3700
1,1,1,2,3701
2,1,1,2,3702
1,1,1,2,3703
1,1,1,1,3704
2,2,2,2,3705
2,2,1,2,3706
2,2,2,1,3707
3,2,2,3,3708
2,2,1,4,3709
1,1,1,1,3710
1,1,1,1,3711
2,2,2,2,3712
3,2,2,3,3713
2,2,2,3,3714
3,3,2,4,3715
1,1,1,2,3716
1,1,1,1,3717
2,2,2,2,3718
3,3,2,3,3719
3,3,2,3,3720
2,1,1,3,3721
2,1,2,2,3722
2,1,1,2,3723
2,2,1,4,3724
2,2,1,2,3725
1,1,1,2,3726
1,1,1,1,3727
1,1,1,2,3728
1,1,1,1,3729
1,1,1,2,3730
1,1,1,1,3731
2,2,2,2,3732
2,2,2,2,3733
1,1,1,2,3734
1,2,1,1,3735
1,1,1,2,3736
3,3,2,2,3737
1,1,1,1,3738
1,1,1,2,3739
1,2,1,1,3740
1,1,1,1,3741
1,2,1,1,3742
2,2,2,3,3743
2,2,1,3,3744
1,1,1,2,3745
1,1,1,1,3746
2,2,1,3,3747
2,2,1,2,3748
2,1,1,2,3749
3,2,2,4,3750
2,2,2,3,3751
1,1,1,1,3752
2,2,2,2,3753
2,1,1,3,3754
2,1,1,3,3755
1,1,1,1,3756
1,2,1,1,3757
1,2,1,1,3758
2,1,1,2,3759
2,2,1,2,3760
2,2,1,3,3761
1,1,1,2,3762
1,1,1,2,3763
2,1,1,3,3764
2,1,2,2,3765
1,1,1,1,3766
1,1,2,1,3767
2,1,2,1,3768
2,2,2,1,3769
1,1,1,1,3770
2,2,2,2,3771
2,1,1,3,3772
1,1,2,1,3773
2,2,2,1,3774
2,2,2,3,3775
1,1,1,1,3776
2,1,1,3,3777
3,3,2,3,3778
2,2,1,3,3779
3,2,2,3,3780
3,2,2,3,3781
1,1,1,1,3782
2,1,1,3,3783
1,1,1,4,3784
1,1,1,3,3785
1,1,1,1,3786
2,2,2,3,3787
2,1,1,3,3788
2,2,1,3,3789
1,1,1,1,3790
1,1,1,1,3791
1,1,1,1,3792
2,2,1,2,3793
2,2,1,2,3794
1,2,1,2,3795
1,1,1,2,3796
1,1,1,2,3797
2,1,2,2,3798
2,1,1,2,3799
1,2,2,1,3800
2,1,1,2,3801
2,2,2,2,3802
2,2,2,3,3803
1,1,1,3,3804
2,2,2,2,3805
2,2,2,2,3806
2,1,2,2,3807
1,1,1,1,3808
2,1,1,3,3809
1,1,1,3,3810
2,1,1,2,3811
2,1,1,2,3812
1,1,1,1,3813
3,2,2,3,3814
1,1,2,1,3815
2,1,1,3,3816
1,1,1,2,3817
1,1,1,1,3818
1,2,2,1,3819
1,1,2,1,3820
2,1,2,1,3821
1,1,1,1,3822
2,1,1,3,3823
2,1,2,2,3824
2,1,1,3,3825
1,1,1,2,3826
2,1,1,2,3827
1,1,1,2,3828
1,1,1,2,3829
1,1,1,1,3830
1,2,2,1,3831
1,2,2,1,3832
2,2,2,2,3833
2,1,2,2,3834
2,2,2,2,3835
1,1,1,1,3836
1,1,1,1,3837
1,1,1,1,3838
1,1,1,1,3839
1,1,1,1,3840
2,2,2,3,3841
1,1,1,2,3842
1,1,1,1,3843
1,1,1,1,3844
2,1,1,2,3845
2,2,2,2,3846
1,1,1,1,3847
1,1,1,2,3848
1,1,1,3,3849
1,1,1,1,3850
2,1,2,2,3851
2,1,1,3,3852
2,1,1,3,3853
1,1,1,1,3854
1,1,1,2,3855
1,1,1,2,3856
1,1,2,1,3857
2,1,2,2,3858
3,2,2,2,3859
2,2,1,3,3860
2,2,2,2,3861
2,2,2,2,3862
2,2,2,2,3863
1,1,1,2,3864
2,2,2,3,3865
1,1,1,2,3866
1,1,1,2,3867
2,1,1,4,3868
1,1,1,1,3869
1,1,1,1,3870
1,1,1,1,3871
2,1,1,2,3872
2,1,2,2,3873
1,1,1,2,3874
2,2,2,3,3875
2,1,1,4,3876
2,2,1,4,3877
2,2,2,2,3878
2,2,2,3,3879
2,2,1,3,3880
2,2,1,2,3881
2,2,2,2,3882
2,2,1,4,3883
2,2,2,2,3884
1,1,1,1,3885
1,1,1,1,3886
2,1,1,3,3887
3,3,2,3,3888
2,2,1,2,3889
2,2,1,2,3890
1,1,1,2,3891
1,1,1,2,3892
2,2,1,2,3893
2,2,1,2,3894
2,2,1,2,3895
2,2,2,2,3896
2,3,2,2,3897
2,1,1,5,3898
2,1,1,5,3899
2,2,1,4,3900
2,2,1,3,3901
2,2,1,2,3902
3,2,2,3,3903
2,2,1,3,3904
2,2,2,1,3905
1,2,1,2,3906
1,1,1,2,3907
1,2,1,2,3908
2,2,1,2,3909
1,2,1,1,3910
1,1,1,1,3911
1,1,1,3,3912
2,2,1,2,3913
1,1,1,2,3914
1,1,1,2,3915
1,2,1,1,3916
2,2,1,2,3917
2,2,1,4,3918
2,3,1,3,3919
2,2,1,4,3920
2,2,2,2,3921
1,1,1,2,3922
2,2,1,2,3923
2,2,1,3,3924
2,2,2,2,3925
2,2,2,2,3926
1,2,1,2,3927
2,1,1,3,3928
1,1,1,1,3929
1,1,1,4,3930
1,1,1,4,3931
2,2,2,1,3932
3,3,1,3,3933
3,2,1,5,3934
2,1,1,2,3935
2,2,2,2,3936
2,2,1,2,3937
2,2,2,3,3938
2,2,2,2,3939
2,2,2,2,3940
2,1,1,2,3941
1,1,1,2,3942
3,3,2,3,3943
2,2,1,3,3944
3,3,2,3,3945
2,2,1,3,3946
3,3,2,4,3947
2,2,1,2,3948
2,1,1,4,3949
2,1,1,3,3950
1,1,1,2,3951
2,1,1,4,3952
2,2,1,4,3953
2,1,1,3,3954
2,2,1,3,3955
2,2,1,2,3956
2,2,1,3,3957
1,2,1,2,3958
2,2,2,2,3959
2,2,1,4,3960
2,2,2,2,3961
3,3,2,3,3962
2,1,1,4,3963
2,2,2,2,3964
3,2,2,4,3965
3,1,1,5,3966
2,1,1,4,3967
2,1,1,4,3968
2,2,1,2,3969
3,3,2,2,3970
1,1,1,3,3971
2,1,1,4,3972
2,2,1,3,3973
1,1,1,2,3974
2,3,2,2,3975
2,2,1,3,3976
1,1,1,3,3977
2,1,1,2,3978
1,1,2,1,3979
2,1,1,3,3980
1,1,1,2,3981
1,1,1,2,3982
1,1,1,1,3983
1,1,1,1,3984
1,1,1,1,3985
1,2,2,1,3986
1,1,1,4,3987
1,1,1,2,3988
1,1,1,2,3989
3,2,2,4,3990
1,1,1,2,3991
2,1,1,3,3992
2,1,2,2,3993
1,1,1,2,3994
2,1,1,3,3995
1,1,1,2,3996
1,1,1,4,3997
2,1,2,2,3998
1,1,1,4,3999
1,1,1,4,4000
1,1,1,2,4001
1,1,1,1,4002
1,1,1,1,4003
1,1,1,1,4004
1,1,1,1,4005
2,2,2,2,4006
2,1,1,2,4007
2,2,2,1,4008
1,2,1,1,4009
2,1,1,2,4010
1,1,1,3,4011
2,1,1,2,4012
2,2,2,2,4013
1,1,2,1,4014
1,1,1,1,4015
1,1,1,1,4016
1,1,1,1,4017
1,1,1,1,4018
1,1,1,1,4019
1,1,1,1,4020
1,1,2,1,4021
1,1,1,1,4022
1,1,1,2,4023
1,1,1,3,4024
1,1,1,1,4025
1,1,1,1,4026
1,1,1,1,4027
1,1,1,2,4028
1,1,1,1,4029
2,1,1,2,4030
2,1,1,2,4031
2,1,1,2,4032
1,1,1,1,4033
1,1,1,1,4034
1,1,1,1,4035
1,1,1,2,4036
1,1,1,3,4037
1,1,1,1,4038
1,1,1,1,4039
1,1,1,1,4040
1,1,1,1,4041
1,1,1,1,4042
1,1,2,1,4043
1,1,1,1,4044
1,1,1,1,4045
1,1,1,3,4046
2,2,1,3,4047
2,1,2,2,4048
1,1,1,1,4049
2,1,2,2,4050
2,1,1,3,4051
1,1,1,1,4052
1,1,2,1,4053
2,2,1,2,4054
1,1,1,4,4055
1,1,1,1,4056
1,1,1,2,4057
1,1,1,2,4058
2,2,1,3,4059
1,1,1,1,4060
1,1,1,1,4061
1,1,1,1,4062
1,1,1,1,4063
1,1,1,1,4064
1,1,1,1,4065
1,1,1,1,4066
1,1,1,1,4067
1,1,1,1,4068
1,1,1,1,4069
1,1,1,1,4070
1,1,1,4,4071
1,1,1,2,4072
1,1,1,2,4073
1,1,1,2,4074
3,3,2,3,4075
2,2,1,2,4076
1,1,1,2,4077
1,1,1,2,4078
1,1,1,3,4079
1,1,1,3,4080
1,1,1,3,4081
1,1,1,2,4082
1,1,1,1,4083
1,1,1,1,4084
1,1,1,1,4085
1,1,1,1,4086
1,1,2,1,4087
1,2,2,1,4088
1,1,1,1,4089
1,2,1,1,4090
1,1,1,1,4091
1,1,1,1,4092
1,2,1,2,4093
1,1,1,1,4094
1,1,1,1,4095
1,1,1,1,4096
1,1,1,1,4097
1,1,1,1,4098
1,1,1,1,4099
1,1,1,2,4100
1,1,1,1,4101
1,1,1,1,4102
1,1,1,1,4103
1,1,1,2,4104
1,1,1,1,4105
1,1,1,1,4106
1,1,1,1,4107
1,1,1,2,4108
1,1,1,1,4109
1,1,1,1,4110
1,1,1,2,4111
1,1,1,1,4112
1,1,1,5,4113
1,1,1,1,4114
1,1,1,1,4115
1,1,1,1,4116
1,1,1,2,4117
2,1,1,2,4118
2,2,1,2,4119
1,1,1,1,4120
1,1,1,2,4121
1,1,1,1,4122
1,1,1,1,4123
1,1,1,2,4124
1,1,1,3,4125
1,1,1,2,4126
1,1,1,2,4127
1,1,1,1,4128
1,1,1,1,4129
1,1,1,1,4130
1,1,1,1,4131
1,1,1,1,4132
2,1,1,3,4133
1,1,1,2,4134
1,1,1,1,4135
1,1,2,1,4136
3,1,1,4,4137
2,1,2,2,4138
1,1,2,1,4139
2,1,1,2,4140
1,1,1,1,4141
1,1,1,2,4142
1,1,1,2,4143
2,1,1,2,4144
1,1,1,1,4145
1,1,1,1,4146
2,1,1,3,4147
2,2,2,3,4148
2,2,1,2,4149
2,2,1,2,4150
2,1,1,2,4151
2,2,2,4,4152
1,1,1,2,4153
1,1,1,1,4154
2,1,1,2,4155
2,1,2,3,4156
3,2,2,3,4157
2,1,1,2,4158
2,3,2,2,4159
3,2,2,3,4160
2,2,1,2,4161
1,2,2,1,4162
1,1,1,1,4163
1,1,1,3,4164
2,1,2,3,4165
2,2,2,2,4166
2,1,1,2,4167
2,2,1,2,4168
3,2,2,3,4169
3,3,2,4,4170
3,2,2,4,4171
3,3,2,3,4172
3,2,1,5,4173
2,2,2,3,4174
3,2,2,3,4175
2,2,2,2,4176
3,3,2,2,4177
3,3,2,3,4178
2,2,2,2,4179
2,2,1,2,4180
1,1,1,1,4181
2,2,1,2,4182
3,3,2,5,4183
2,2,2,3,4184
2,2,2,3,4185
2,2,1,2,4186
2,1,1,3,4187
2,2,1,3,4188
3,2,2,4,4189
2,2,2,3,4190
2,2,1,2,4191
1,1,1,1,4192
1,1,1,2,4193
1,1,1,2,4194
1,1,1,1,4195
1,1,1,2,4196
1,1,1,2,4197
1,1,1,1,4198
1,1,1,2,4199
1,1,1,1,4200
3,3,3,2,4201
2,2,2,1,4202
1,1,1,1,4203
3,3,2,2,4204
2,2,1,2,4205
1,1,1,1,4206
1,1,1,1,4207
1,1,1,3,4208
1,1,1,1,4209
2,1,1,2,4210
1,1,1,2,4211
2,1,2,2,4212
2,2,2,2,4213
3,3,2,2,4214
3,2,2,3,4215
3,2,2,2,4216
3,2,2,3,4217
2,2,2,2,4218
1,1,1,1,4219
1,1,1,3,4220
1,1,1,2,4221
1,1,1,2,4222
1,1,1,1,4223
2,2,2,1,4224
1,2,1,1,4225
2,2,2,2,4226
2,3,2,2,4227
2,2,1,2,4228
2,1,1,2,4229
1,2,1,1,4230
2,1,1,2,4231
1,1,1,3,4232
3,2,2,4,4233
3,3,2,3,4234
3,3,2,2,4235
1,2,1,1,4236
1,1,1,1,4237
2,1,1,2,4238
2,2,2,2,4239
2,1,2,2,4240
2,1,1,2,4241
2,2,2,3,4242
2,2,1,2,4243
1,1,1,1,4244
1,1,1,1,4245
1,1,1,2,4246
1,1,1,1,4247
1,1,1,1,4248
2,2,2,3,4249
2,1,1,2,4250
2,2,1,2,4251
2,2,1,2,4252
1,1,1,2,4253
2,2,2,1,4254
2,2,1,2,4255
2,2,1,3,4256
2,2,1,3,4257
1,1,1,2,4258
2,2,2,2,4259
2,2,2,2,4260
2,2,2,2,4261
1,2,2,1,4262
2,2,2,3,4263
2,1,1,3,4264
2,1,1,2,4265
1,1,1,1,4266
1,1,1,1,4267
1,1,1,1,4268
1,1,1,1,4269
1,1,1,1,4270
1,1,1,1,4271
2,2,1,3,4272
2,2,1,3,4273
2,1,1,3,4274
1,1,1,2,4275
2,1,1,4,4276
1,1,1,1,4277
2,2,1,2,4278
2,1,1,2,4279
2,2,1,3,4280
1,1,1,1,4281
1,1,1,1,4282
1,1,1,1,4283
2,1,1,2,4284
1,1,1,2,4285
1,1,1,1,4286
1,1,1,1,4287
1,1,1,2,4288
1,1,1,1,4289
1,1,1,1,4290
1,1,1,1,4291
1,1,1,1,4292
1,2,2,1,4293
1,1,2,1,4294
1,1,1,1,4295
1,1,1,2,4296
1,1,1,2,4297
1,1,1,2,4298
2,2,2,2,4299
1,1,1,1,4300
2,1,1,3,4301
2,1,1,2,4302
1,1,1,3,4303
1,1,1,1,4304
2,2,2,2,4305
1,1,1,2,4306
1,1,1,2,4307
1,1,1,1,4308
1,1,1,1,4309
1,1,1,2,4310
2,1,2,2,4311
1,1,1,3,4312
2,1,1,2,4313
2,2,2,2,4314
2,2,2,2,4315
1,1,1,4,4316
1,3,3,1,4317
2,2,2,1,4318
1,1,1,1,4319
1,1,1,1,4320
1,1,1,1,4321
1,1,1,2,4322
1,1,1,2,4323
2,2,1,3,4324
1,1,1,1,4325
1,1,1,4,4326
2,1,1,2,4327
2,1,1,4,4328
2,2,1,3,4329
1,1,1,2,4330
1,1,1,3,4331
1,1,1,2,4332
1,1,1,4,4333
2,1,1,2,4334
1,1,1,2,4335
1,1,1,2,4336
1,1,1,1,4337
2,1,1,2,4338
1,1,1,2,4339
2,1,2,1,4340
1,1,2,1,4341
2,2,2,2,4342
2,1,1,3,4343
1,1,1,2,4344
2,2,1,4,4345
2,1,1,3,4346
2,1,1,3,4347
2,1,1,4,4348
2,1,1,3,4349
1,1,1,2,4350
1,1,1,3,4351
1,1,1,1,4352
2,3,2,2,4353
1,1,1,1,4354
1,1,1,1,4355
1,1,1,1,4356
1,1,1,1,4357
1,1,1,1,4358
1,1,1,1,4359
2,1,1,2,4360
1,1,1,1,4361
1,1,1,1,4362
2,2,2,2,4363
1,1,2,1,4364
1,1,1,2,4365
1,1,1,3,4366
1,1,1,4,4367
1,1,1,1,4368
1,1,1,2,4369
1,1,1,1,4370
1,1,1,1,4371
1,1,1,1,4372
1,1,1,1,4373
1,1,1,1,4374
1,1,1,1,4375
2,2,2,2,4376
3,3,2,3,4377
1,1,1,2,4378
2,1,1,2,4379
1,1,1,2,4380
2,2,1,2,4381
2,2,2,3,4382
3,2,1,4,4383
2,1,1,3,4384
2,2,1,3,4385
2,1,1,2,4386
1,1,1,3,4387
2,2,1,3,4388
2,1,1,4,4389
2,1,1,3,4390
1,1,1,2,4391
2,1,1,2,4392
2,1,1,2,4393
1,1,1,1,4394
1,1,1,1,4395
1,1,1,2,4396
3,2,2,4,4397
3,2,1,5,4398
2,1,1,5,4399
1,1,1,1,4400
2,1,1,2,4401
2,1,1,3,4402
2,1,2,2,4403
2,1,1,3,4404
2,1,1,2,4405
2,1,1,3,4406
2,1,1,4,4407
2,2,2,3,4408
3,2,2,3,4409
2,2,1,2,4410
3,2,2,3,4411
1,1,1,2,4412
1,1,1,2,4413
2,2,1,3,4414
2,2,2,1,4415
2,2,2,3,4416
1,1,1,2,4417
2,1,1,2,4418
1,1,1,2,4419
1,1,1,1,4420
1,1,1,1,4421
2,1,1,2,4422
1,1,1,2,4423
2,1,1,3,4424
2,1,1,2,4425
2,1,1,2,4426
2,1,1,3,4427
2,2,2,2,4428
1,1,1,1,4429
1,2,1,1,4430
2,2,2,1,4431
1,1,1,2,4432
1,1,1,1,4433
1,2,1,1,4434
1,2,1,1,4435
2,1,1,3,4436
3,3,2,3,4437
3,2,2,4,4438
3,2,1,5,4439
3,2,1,4,4440
2,1,2,2,4441
2,2,1,4,4442
3,2,2,3,4443
3,2,1,4,4444
3,2,1,5,4445
2,2,1,3,4446
3,2,2,4,4447
2,2,1,3,4448
1,1,1,2,4449
2,1,1,3,4450
2,2,2,2,4451
2,2,2,2,4452
2,1,2,2,4453
2,1,1,3,4454
2,2,1,2,4455
2,2,2,2,4456
2,2,1,2,4457
1,1,1,2,4458
2,2,1,2,4459
1,1,1,5,4460
2,2,2,2,4461
2,2,1,3,4462
2,1,1,2,4463
2,1,1,3,4464
2,1,1,4,4465
2,2,1,3,4466
2,1,1,5,4467
2,1,1,2,4468
3,2,2,4,4469
2,2,2,2,4470
1,1,1,1,4471
3,2,2,3,4472
2,2,2,2,4473
2,2,1,2,4474
4,4,2,3,4475
2,3,2,2,4476
3,2,2,3,4477
2,2,1,3,4478
2,2,1,4,4479
3,3,2,4,4480
2,2,1,2,4481
2,1,1,3,4482
4,3,2,4,4483
3,2,1,5,4484
3,3,2,3,4485
2,1,2,2,4486
1,2,1,1,4487
3,3,2,4,4488
3,3,2,4,4489
2,2,2,2,4490
1,1,1,3,4491
2,1,2,1,4492
2,1,2,2,4493
1,1,1,2,4494
2,2,1,3,4495
2,2,2,2,4496
1,2,2,1,4497
2,1,1,2,4498
1,1,1,2,4499
1,1,1,1,4500
1,1,1,2,4501
2,1,1,2,4502
2,2,2,2,4503
1,1,1,2,4504
2,2,2,3,4505
2,2,1,4,4506
2,1,1,3,4507
3,2,2,3,4508
2,2,2,2,4509
2,3,2,2,4510
2,2,1,2,4511
2,2,1,2,4512
2,2,2,3,4513
2,2,2,3,4514
1,2,1,1,4515
1,1,1,1,4516
1,1,1,1,4517
1,1,1,1,4518
2,1,1,3,4519
1,1,1,1,4520
1,1,1,1,4521
1,1,1,2,4522
1,1,1,2,4523
1,1,1,1,4524
1,1,1,2,4525
1,1,1,2,4526
1,1,1,1,4527
1,1,1,1,4528
1,1,1,1,4529
1,1,1,1,4530
1,1,1,1,4531
1,1,1,1,4532
1,1,1,1,4533
1,1,1,2,4534
1,2,2,1,4535
2,2,2,2,4536
1,1,2,1,4537
1,1,1,1,4538
1,1,1,1,4539
1,1,1,1,4540
1,1,1,1,4541
1,1,1,1,4542
1,1,1,1,4543
1,1,3,1,4544
2,3,2,2,4545
2,2,1,2,4546
3,3,2,2,4547
2,2,2,2,4548
1,1,1,2,4549
2,2,1,2,4550
3,3,2,3,4551
3,3,2,3,4552
2,3,1,1,4553
2,2,1,2,4554
2,3,1,2,4555
2,2,1,2,4556
2,2,2,2,4557
3,3,2,3,4558
3,3,1,4,4559
3,3,2,4,4560
2,3,2,2,4561
2,2,2,2,4562
2,3,2,2,4563
2,2,1,2,4564
2,2,1,2,4565
3,3,2,3,4566
1,1,1,1,4567
1,1,1,1,4568
3,2,2,3,4569
2,2,1,4,4570
2,2,1,3,4571
3,3,2,5,4572
1,2,1,1,4573
2,3,2,2,4574
1,1,1,1,4575
1,2,1,1,4576
4,3,2,4,4577
3,3,1,4,4578
3,2,1,4,4579
3,2,1,5,4580
2,2,1,3,4581
2,2,1,2,4582
1,1,1,2,4583
2,3,2,2,4584
2,3,1,2,4585
2,2,1,2,4586
1,1,1,2,4587
2,1,1,4,4588
2,1,1,2,4589
2,1,1,3,4590
1,1,1,2,4591
1,1,1,2,4592
1,1,1,1,4593
1,1,1,1,4594
1,1,1,2,4595
1,1,1,1,4596
1,1,1,1,4597
1,1,1,1,4598
1,1,1,1,4599
2,2,2,2,4600
1,1,2,1,4601
2,1,1,2,4602
1,1,1,1,4603
1,1,1,2,4604
1,1,1,1,4605
1,2,1,3,4606
1,1,1,1,4607
3,1,2,3,4608
2,1,2,3,4609
2,2,2,3,4610
2,1,1,3,4611
2,1,2,2,4612
2,1,1,2,4613
2,1,1,3,4614
2,1,2,2,4615
2,2,2,2,4616
1,1,1,1,4617
3,4,3,2,4618
3,3,2,2,4619
1,1,1,1,4620
1,1,1,2,4621
2,1,1,2,4622
1,1,1,2,4623
1,1,1,2,4624
2,1,2,3,4625
2,1,1,3,4626
1,1,1,1,4627
1,1,1,1,4628
1,1,1,1,4629
1,1,1,2,4630
1,1,1,1,4631
1,1,1,1,4632
2,2,1,2,4633
1,1,1,1,4634
1,1,1,1,4635
1,1,1,1,4636
1,1,1,1,4637
1,1,1,1,4638
1,1,1,1,4639
1,1,1,2,4640
1,1,1,2,4641
2,1,1,2,4642
1,1,1,2,4643
2,1,1,2,4644
1,1,1,2,4645
2,2,2,2,4646
3,2,3,2,4647
1,2,2,1,4648
1,1,2,1,4649
2,3,2,2,4650
2,3,2,1,4651
1,1,1,1,4652
1,1,2,1,4653
1,1,1,1,4654
1,1,1,1,4655
2,2,2,1,4656
1,1,1,1,4657
1,1,1,1,4658
1,1,1,1,4659
1,1,1,1,4660
1,1,1,1,4661
1,1,1,1,4662
1,1,1,3,4663
1,1,1,2,4664
2,1,1,2,4665
2,2,2,3,4666
1,1,1,2,4667
1,1,1,2,4668
1,1,1,2,4669
2,1,1,4,4670
1,1,1,3,4671
1,1,1,2,4672
1,1,1,3,4673
1,1,1,4,4674
1,1,1,2,4675
1,1,1,3,4676
1,1,1,1,4677
1,2,1,1,4678
1,1,1,2,4679
1,1,1,2,4680
2,2,1,2,4681
2,1,1,4,4682
1,1,1,2,4683
1,2,1,2,4684
2,2,1,2,4685
2,1,1,2,4686
2,1,1,2,4687
2,1,1,2,4688
1,1,1,2,4689
1,1,1,1,4690
2,1,1,2,4691
1,1,1,2,4692
1,1,1,2,4693
1,1,1,2,4694
2,2,2,2,4695
2,2,2,2,4696
2,2,2,1,4697
2,1,1,2,4698
2,2,2,1,4699
2,2,2,2,4700
1,1,1,1,4701
1,1,1,2,4702
3,2,2,3,4703
2,2,2,2,4704
3,2,1,5,4705
2,2,2,3,4706
3,2,2,4,4707
3,2,1,5,4708
2,2,1,5,4709
3,2,1,5,4710
2,1,1,3,4711
3,2,2,3,4712
2,2,2,2,4713
2,2,2,2,4714
2,1,1,2,4715
1,1,1,2,4716
1,1,1,2,4717
2,1,1,2,4718
1,1,1,1,4719
1,1,1,2,4720
2,1,1,3,4721
2,2,1,4,4722
1,1,1,1,4723
2,1,1,2,4724
2,1,1,3,4725
3,3,2,3,4726
3,2,2,3,4727
4,3,2,4,4728
3,3,2,4,4729
4,3,2,5,4730
1,1,1,1,4731
1,1,1,2,4732
1,1,1,1,4733
1,1,2,1,4734
1,2,2,1,4735
1,1,1,1,4736
1,1,1,1,4737
1,1,1,2,4738
1,1,1,1,4739
2,2,1,2,4740
1,1,1,2,4741
2,1,1,4,4742
2,2,2,2,4743
2,1,1,3,4744
2,2,1,3,4745
1,1,1,1,4746
2,2,1,2,4747
1,2,2,1,4748
1,1,1,2,4749
2,1,1,2,4750
2,1,1,2,4751
2,2,1,3,4752
3,2,2,4,4753
2,1,1,2,4754
1,1,1,1,4755
2,1,1,2,4756
2,2,2,2,4757
1,1,1,1,4758
2,1,2,2,4759
1,1,1,2,4760
2,2,1,2,4761
2,2,1,3,4762
1,1,1,1,4763
1,1,1,2,4764
2,2,1,4,4765
2,1,1,3,4766
2,1,1,4,4767
2,1,1,2,4768
1,1,1,1,4769
1,1,1,1,4770
1,1,1,2,4771
1,1,1,2,4772
1,1,1,1,4773
1,2,1,2,4774
2,2,1,2,4775
1,1,1,1,4776
2,2,1,4,4777
1,1,1,4,4778
2,2,2,2,4779
2,2,2,3,4780
1,1,1,2,4781
1,1,1,2,4782
1,1,1,3,4783
1,1,1,2,4784
1,2,1,2,4785
2,2,1,2,4786
1,1,1,1,4787
2,1,1,2,4788
1,1,1,2,4789
2,2,1,2,4790
2,2,1,2,4791
2,3,2,2,4792
2,2,1,4,4793
2,2,1,2,4794
2,1,1,2,4795
1,1,1,1,4796
2,2,1,2,4797
1,1,1,3,4798
1,1,1,4,4799
2,1,1,3,4800
1,1,1,1,4801
2,2,1,3,4802
1,1,1,2,4803
1,2,2,1,4804
2,2,1,2,4805
1,1,1,2,4806
1,1,1,2,4807
2,1,1,3,4808
2,1,1,2,4809
2,1,1,3,4810
1,1,1,2,4811
1,1,1,5,4812
1,1,1,3,4813
1,1,1,2,4814
2,1,1,4,4815
1,1,1,2,4816
2,1,1,3,4817
2,1,2,3,4818
2,1,1,5,4819
1,1,1,2,4820
2,1,1,2,4821
2,1,1,3,4822
2,1,1,3,4823
1,1,1,3,4824
1,1,1,1,4825
2,1,1,2,4826
2,1,1,2,4827
2,1,2,2,4828
2,1,1,3,4829
1,1,1,2,4830
2,1,1,5,4831
2,1,1,4,4832
1,1,1,2,4833
1,2,1,1,4834
1,1,1,1,4835
1,1,1,2,4836
1,1,1,1,4837
1,1,1,1,4838
1,1,1,1,4839
2,1,1,3,4840
2,2,1,2,4841
1,1,1,2,4842
1,1,1,1,4843
1,1,1,1,4844
1,1,1,1,4845
1,1,1,2,4846
1,1,1,1,4847
1,1,1,1,4848
1,1,1,1,4849
1,1,1,2,4850
1,1,1,1,4851
1,1,1,1,4852
1,1,1,1,4853
1,1,1,1,4854
1,1,1,1,4855
1,1,1,1,4856
1,1,1,1,4857
1,1,1,1,4858
1,1,2,1,4859
1,1,1,1,4860
1,1,1,2,4861
1,2,1,2,4862
1,1,1,1,4863
1,1,1,1,4864
1,1,1,1,4865
1,1,1,1,4866
1,1,1,1,4867
1,1,1,1,4868
2,2,1,2,4869
1,1,1,2,4870
1,1,1,1,4871
1,1,1,1,4872
1,1,1,1,4873
1,1,1,1,4874
1,1,1,2,4875
1,1,1,1,4876
1,1,1,1,4877
1,1,1,1,4878
1,1,1,1,4879
1,1,1,2,4880
1,1,1,2,4881
1,1,1,1,4882
1,1,1,1,4883
1,1,1,2,4884
1,1,1,1,4885
1,1,1,1,4886
1,1,1,1,4887
1,1,1,1,4888
1,1,1,1,4889
1,1,1,1,4890
1,1,1,1,4891
1,1,1,1,4892
1,1,1,2,4893
1,1,1,1,4894
1,1,1,1,4895
1,1,1,1,4896
1,2,1,1,4897
1,1,1,1,4898
1,1,1,1,4899
1,1,1,1,4900
1,1,1,1,4901
1,1,1,1,4902
1,1,1,2,4903
1,1,1,2,4904
1,1,1,3,4905
1,1,1,2,4906
1,1,1,2,4907
1,1,1,2,4908
1,1,1,3,4909
1,1,1,1,4910
1,1,1,2,4911
1,1,1,1,4912
1,1,1,1,4913
1,1,1,1,4914
1,1,1,1,4915
1,1,1,1,4916
1,1,1,1,4917
1,1,1,2,4918
1,1,1,1,4919
1,1,1,4,4920
1,1,1,1,4921
1,1,1,3,4922
2,1,1,2,4923
1,1,1,5,4924
1,1,1,3,4925
1,1,1,3,4926
1,1,1,1,4927
1,1,1,1,4928
1,1,1,2,4929
1,1,1,3,4930
1,1,1,2,4931
1,1,1,1,4932
1,1,1,1,4933
1,1,1,1,4934
1,1,1,1,4935
1,1,1,1,4936
1,1,1,2,4937
1,1,1,2,4938
1,1,1,1,4939
1,1,1,1,4940
1,1,1,1,4941
1,1,1,1,4942
1,1,1,1,4943
1,1,1,1,4944
2,2,2,2,4945
2,1,1,2,4946
2,2,2,2,4947
2,2,2,2,4948
1,1,1,2,4949
1,1,1,1,4950
1,1,1,1,4951
1,2,1,1,4952
1,1,1,1,4953
1,1,1,1,4954
1,1,1,1,4955
1,1,1,1,4956
1,1,1,1,4957
1,1,1,1,4958
1,1,1,1,4959
1,1,1,1,4960
1,1,1,2,4961
2,1,1,2,4962
1,1,1,4,4963
1,1,1,1,4964
2,2,2,2,4965
2,1,1,2,4966
2,1,1,4,4967
2,1,2,2,4968
2,2,2,2,4969
2,1,2,2,4970
2,1,1,3,4971
2,2,2,2,4972
2,1,1,2,4973
2,1,1,2,4974
2,2,2,2,4975
2,1,1,2,4976
2,2,2,2,4977
1,1,1,1,4978
1,1,1,1,4979
1,1,1,1,4980
1,1,1,1,4981
2,3,2,2,4982
2,3,2,1,4983
1,1,2,1,4984
1,2,2,1,4985
1,1,1,1,4986
1,1,1,1,4987
1,1,1,1,4988
1,1,1,1,4989
1,1,1,1,4990
1,1,1,1,4991
1,1,1,1,4992
1,1,1,1,4993
1,1,1,1,4994
1,1,1,1,4995
1,1,1,1,4996
1,1,1,1,4997
1,1,1,1,4998
1,1,1,1,4999
2,2,2,2,5000
2,1,1,3,5001
1,1,1,4,5002
2,1,1,4,5003
1,1,1,5,5004
2,1,1,3,5005
2,1,1,4,5006
1,1,1,1,5007
1,1,1,1,5008
1,1,1,1,5009
1,1,1,4,5010
2,1,1,4,5011
1,1,1,3,5012
1,1,1,2,5013
1,1,1,5,5014
2,1,1,3,5015
2,1,1,2,5016
1,1,1,2,5017
1,1,1,2,5018
1,1,1,3,5019
2,1,1,2,5020
1,1,1,1,5021
1,1,1,1,5022
1,1,1,1,5023
3,2,2,3,5024
1,1,1,3,5025
1,1,1,1,5026
1,1,1,1,5027
2,1,1,4,5028
1,1,1,3,5029
1,1,1,1,5030
2,1,1,4,5031
2,1,1,3,5032
1,1,1,5,5033
1,1,1,1,5034
1,1,1,1,5035
1,1,1,1,5036
1,1,1,1,5037
1,1,1,1,5038
1,1,1,1,5039
1,1,1,1,5040
4,4,2,4,5041
3,3,2,3,5042
2,1,1,2,5043
2,3,2,2,5044
3,3,2,3,5045
2,2,2,2,5046
3,3,2,2,5047
2,3,2,1,5048
2,1,1,2,5049
2,1,2,3,5050
2,2,1,4,5051
3,2,2,4,5052
2,1,1,2,5053
3,2,1,4,5054
2,2,1,4,5055
2,2,1,3,5056
2,2,1,3,5057
2,2,1,3,5058
3,2,1,4,5059
2,2,2,3,5060
2,2,1,2,5061
2,3,2,2,5062
2,2,1,2,5063
2,2,1,3,5064
2,2,2,1,5065
2,3,2,2,5066
1,2,1,2,5067
2,2,1,3,5068
2,1,1,3,5069
2,2,1,3,5070
1,2,1,1,5071
1,1,1,1,5072
2,2,2,1,5073
1,2,1,2,5074
3,3,2,3,5075
2,2,2,2,5076
2,2,1,3,5077
3,3,2,2,5078
2,2,1,3,5079
2,2,2,3,5080
2,1,2,2,5081
2,2,2,1,5082
1,1,1,1,5083
2,1,1,3,5084
2,1,2,2,5085
2,1,2,2,5086
1,2,1,1,5087
3,2,1,4,5088
3,2,2,3,5089
3,3,1,3,5090
2,2,1,2,5091
3,3,2,4,5092
3,2,2,4,5093
1,1,1,1,5094
1,1,1,2,5095
1,1,1,1,5096
1,1,1,2,5097
2,2,1,2,5098
2,2,1,3,5099
2,2,2,3,5100
2,2,1,2,5101
2,2,2,1,5102
2,3,2,2,5103
1,1,1,2,5104
1,1,1,2,5105
1,1,1,2,5106
1,1,1,1,5107
1,2,1,1,5108
2,2,2,2,5109
2,1,1,2,5110
2,2,2,2,5111
2,3,2,2,5112
1,1,1,1,5113
2,1,1,4,5114
2,2,1,3,5115
3,3,2,2,5116
2,2,2,3,5117
3,3,2,3,5118
2,2,1,3,5119
2,2,2,2,5120
1,1,1,1,5121
2,2,2,2,5122
2,2,1,2,5123
2,2,2,3,5124
2,2,1,3,5125
2,2,2,2,5126
3,2,2,2,5127
3,2,2,3,5128
2,2,1,2,5129
3,3,2,2,5130
1,1,1,3,5131
2,2,2,1,5132
2,1,1,2,5133
3,3,2,3,5134
3,3,2,3,5135
2,2,2,1,5136
3,2,2,2,5137
3,2,2,3,5138
2,2,1,4,5139
2,2,1,4,5140
2,2,1,2,5141
1,1,1,2,5142
3,2,2,4,5143
1,2,1,4,5144
2,2,2,2,5145
2,2,2,1,5146
1,1,1,2,5147
2,1,1,2,5148
2,1,1,5,5149
3,2,2,4,5150
2,2,2,2,5151
3,3,2,2,5152
1,2,1,1,5153
2,2,2,2,5154
1,1,1,4,5155
1,1,1,2,5156
1,1,1,3,5157
1,1,1,3,5158
1,1,1,4,5159
1,1,1,3,5160
1,1,1,2,5161
1,1,1,2,5162
1,1,1,2,5163
1,1,1,2,5164
1,1,1,1,5165
1,1,1,1,5166
1,1,1,1,5167
1,1,1,1,5168
1,1,1,1,5169
1,1,1,1,5170
1,1,1,1,5171
1,1,1,1,5172
1,1,1,1,5173
3,3,2,2,5174
1,1,1,1,5175
1,1,1,5,5176
1,1,1,4,5177